:020000040800F2
:1000000050A8002045010008B5280008D5260008A2
:10001000F9270008D9020008B52A000800000000EE
:10002000000000000000000000000000512900084E
:100030005D0E0008000000004D290008A12A0008FC
:100040005F0100085F0100085F0100085F01000810
:100050005F0100085F0100085F0100085F01000800
:100060005F0100085F0100085F0100085F010008F0
:100070005F0100085F0100085F0100085F010008E0
:100080005F0100085F0100085F0100085F010008D0
:10009000A92A00085F0100085F0100085F0100084D
:1000A0005F0100085F0100085F0100085F010008B0
:1000B0005F0100085F0100085F0100085F010008A0
:1000C0005F0100085F0100085F0100085F01000890
:1000D0005F0100085F0100085F0100085F01000880
:1000E0005F0100085F0100085F0100085F01000870
:1000F0005F0100085F0100085F0100085F01000860
:100100005F0100085F0100085F0100085F0100084F
:100110005F0100085F0100085F0100085F0100083F
:100120005F0100085F0100085F0100085F0100082F
:10013000DFF80CD000F06EF800480047D9800008C6
:1001400050A800200648804706480047FEE7FEE723
:10015000FEE7FEE7FEE7FEE7FEE7FEE7FEE7FEE777
:10016000A52A00083101000840EA01039B0703D0DB
:1001700009E008C9121F08C0042AFAD203E011F8E6
:10018000013B00F8013B521EF9D27047D2B201E0A8
:1001900000F8012B491EFBD270470022F6E710B58C
:1001A00013460A4604461946FFF7F0FF204610BDE5
:1001B0002DE9F05F0546002092469B46884606469C
:1001C000814640241BE0284641464746224600F02F
:1001D00048F853465A46C01A914110D31146184662
:1001E000224600F02FF82D1A67EB01084F462246F1
:1001F0000120002100F026F817EB00094E41201ED7
:10020000A4F10104DFDC484631462A464346BDE8F6
:10021000F09F00001CB50948009009480190054670
:10022000009C06E0E06840F0010394E8070098476E
:100230001034AC42F6D3FFF77FFF000094A400080F
:10024000B4A40008202A04DB203A00FA02F10020BE
:1002500070479140C2F1200320FA03F31943904004
:100260007047202A04DB203A21FA02F0002170476F
:1002700021FA02F3D040C2F120029140084319460E
:10028000704770B58C1810F8015B15F0070301D1A9
:1002900010F8013B2A1106D110F8012B03E010F8E9
:1002A000016B01F8016B5B1EF9D12B0705D400230C
:1002B000521E0DD401F8013BFAE710F8013BCB1AAE
:1002C000921C03E013F8015B01F8015B521EF9D5A3
:1002D000A142D8D3002070BDFEE7000010B58AB05F
:1002E00000200690CDE90400CDE90200CDE9000030
:1002F000012047F2B074CDE907000E20C2F20004DD
:1003000009906946204600F0DDFE204601F032FAF1
:100310002046022100F06CFE0AB010BD10B588B076
:100320000C460021CDE9020147F2B070C2F2000094
:10033000CDE90411CDE906218DF8031000F0D2FFBC
:100340008DF803009DF8030060B147F2B070C2F26F
:10035000000002A901AB224600F062FE002818BF8F
:1003600000F07EFD08B010BD2DE9F04F81B08B4646
:1003700006460020012104F059FA40F24839078866
:10038000B0F80880C2F2000940F65900A9F8000050
:1003900006F0F2FF89F8020087B3002503245FFA14
:1003A00086FA5FFA8BF64FF0000B03E0013F0BF18A
:1003B000010B24D01FFA8BF25046314606F066FF3F
:1003C0000028F3D0A4F2FA316FF48062914221D375
:1003D000C17B09EB040209F80410017C013551705E
:1003E000B0F8011045455180C17804F1060411713F
:1003F00090F854005071D9D101E000BF032440F2BD
:100400004830C2F20000214607F0B2F9002001B0E6
:10041000BDE8F08F1420192107F012F84AF2B61047
:10042000C0F600004FF4806108F0BCFA142001B05F
:10043000BDE8F08F2DE9F04F81B05FFA80FA5046A9
:10044000002200230C4606F007FB40F2487B804662
:10045000C2F2000B59208BF800003CB10F208BF842
:1004600001000020002104F0CDF906E002208BF805
:1004700001000020002104F0D9F9814606F07CFF3C
:100480001FFA88F7002F4FF003018BF8020018BF06
:10049000B9F1000F0AD140F24870C2F2000007F033
:1004A00067F9002001B0BDE8F08F00BF4FF6FE38BD
:1004B00001260625CFF6FF78A5F5806040451BD9BB
:1004C000B1B25046224606F08FFD98B1C1780BEBD1
:1004D000050202F8011CB0F80110BE4222F8031C0C
:1004E00001780BF8051005F1040503D2002806F188
:1004F0000106E1D1E91ECEE71420192106F0A0FF84
:100500004AF2B610C0F600004FF4806108F04AFAD3
:10051000142001B0BDE8F08F2DE9F04383B005460B
:10052000044615F8020F002AEE780B4614BFA47992
:100530000024697895F802C0F7B2FF2F05D08F2FFD
:100540002CD8103EF6B2042E28D940F64839C2F213
:100550000009592689F800600626002B18BF1026CE
:10056000002A18BF192689F8016016466246CDE9AF
:10057000006406F08BFC08B3064636F8422FFF2FC6
:10058000A6F141085CD0A6F138031AB3856C0DB30F
:100590001978B9421ED1002136E000BF112019217F
:1005A000112406F04DFF4AF27810C0F6000008F062
:1005B000F9F9204603B0BDE8F08300BFA878062112
:1005C00089F804002888A9F80200002089F80500AD
:1005D000B0E000BF064636F8442F3AB1C56C2DB1E5
:1005E000C17AB94202D101210EE000BF064636F8B9
:1005F000462F002A4AD0056D002D47D0017BB94215
:100600004FF0020140F0898040F2F937BA4271D8C8
:1006100098F8027090F8540089F80470B8F80070E7
:1006200089F80500A9F80270585C691C89F8060071
:1006300009F10700FFF798FD3088C11D7AE000BF7F
:1006400032B3816C21B340F2F9339A4252D898F810
:100650000230877A89F80430B8F800300131A9F8FF
:10066000023090F85430044689F8053009F1070348
:10067000184689F80670FFF777FDB4F84210204657
:1006800007310122B0F844303BB929E0022144E0AF
:1006900000220221B0F8443013B3C76C07B34D1DDC
:1006A000EA18B2F5806F25D8B8F8002009EB0503E9
:1006B00029F8012098F8022049448A7090F85420C3
:1006C0000446CA70C27A0A71C16CB0F84420013184
:1006D0001846FFF749FDB4F844102046294401228A
:1006E000B0F84630C3B1076DB7B14D1DEA18B2F589
:1006F000806F2BD914201921142406F0A1FE4AF290
:10070000B610C0F600004FF4806108F04BF92046A7
:1007100003B0BDE8F08300BF62B9B8F8002009EB70
:10072000010329F8012098F8022004319A7090F80A
:100730005400D87040F64830C2F2000007F018F8B4
:100740000024204603B0BDE8F08300BFB8F80020C5
:1007500009EB050329F8012098F8022049448A7022
:1007600090F854200446CA70027B0A71016DB0F8FB
:10077000462001311846FFF7F7FCB4F84600291867
:10078000D8E700002DE9F04F81B05FFA80FA002130
:10079000BAF1EF0F009161D8A0F11001C9B205299B
:1007A0005CD340F64872C2F2000241F25961907087
:1007B0005046118006F014FA00285FD00546002646
:1007C0004FF0030BE94621E0B0F8011040F6487302
:1007D000C2F2000323F80B10C17803EB0B029170F7
:1007E00090F8541000EB8400D170806C434437F8CB
:1007F0001420411C1846FFF7B7FC37F8140008EB2B
:10080000000B013D280606F1010639D0B1B2504671
:100810004A4606F087F90028F3D090F840100029E6
:10082000EFD0009C00F1420737F814100BF10408D8
:100830004144B1F5806FC7D914201921142406F062
:10084000FFFD4AF2B610C0F600004FF4806108F0D8
:10085000A9F8204601B0BDE8F08F00BF3120192172
:10086000312406F0EDFD4AF27810C0F6000008F0E1
:1008700099F8204601B0BDE8F08F00BF4FF0030BA0
:1008800040F64870C2F20000594606F071FF00249D
:10089000204601B0BDE8F08F2DE9F04F85B0002073
:1008A000012103F0C3FFB0F800A0B0F80A8041F2C4
:1008B000483BC2F2000B40F25930BAF1000F4FF042
:1008C0000204ABF8000000F09B804FF00009002507
:1008D0000027CDE9018A10E0ACF10100049AC0B212
:1008E0001044451C0C46A8B2804500F089800137B1
:1008F00009F10109D14500F08380B8B206F004FD8A
:100900000028F5D090F818C004EB8C01B1F5806F89
:1009100000F28280BCF1000FE5D0BCF1040F00F1C1
:100920000102049504D200231CF003063ED1D3E754
:100930000CF0FC0E65420BEB040800236FF008017D
:10094000039700BF178808EB830628F82370977871
:1009500008EB010BB770C71897F804A004338BF8A5
:100960000CA09478103DB47114889E45B4807C79B5
:1009700001F110018BF810409478B472148834811E
:10098000BC79F4729478B4731488B481FC798BF8D0
:100990001840D7D16942DDE9018A41F2483B039F03
:1009A0000C46C2F2000B1CF0030695D01188051D01
:1009B0002BF8041091780BEB04008170E95C012E98
:1009C000C17004F104013FF487AFB2F800E02B449A
:1009D0002BF801E0957859448D705978022EC17139
:1009E00004F108013FF478AF16882BF80160927883
:1009F00059448A709978C17204F10C016CE700BF08
:100A000041F24830C2F20000214606F0B1FE00205B
:100A100005B0BDE8F08F00BF1420192106F010FDCD
:100A20004AF2B610C0F600004FF4806107F0BAFF3A
:100A3000142005B0BDE8F08F2DE9F04383B00546E2
:100A4000044615F8020F0B466978AA780F0247EAA8
:100A50000047002B14BFA679002640F20654174425
:100A6000C0F20404A7420FD131201921312406F02D
:100A7000E7FC4AF24910C0F6000007F093FF204659
:100A800003B0BDE8F08300BFEF78FFB2102F01D0B4
:100A9000202F0BD131201921312406F0D1FC87A061
:100AA00007F080FF204603B0BDE8F08341F24879AB
:100AB000C2F20009592489F800400424002B18BF11
:100AC0001824CDE90036002389F80140002606F0FD
:100AD000DDF988B1064636F81A2FFF2FA6F119085E
:100AE0004ED0A6F116058AB1036A7BB12978B942C6
:100AF0000CD1002124E000BFA878062189F8040069
:100B0000288889F80560A9F80200AFE0064636F8A3
:100B10001C2F3AB1436A2BB14179B94202D101216C
:100B20000EE000BF064636F81E2F002A4CD0836A1E
:100B3000002B49D08179B9424FF0020140F0898001
:100B4000B2F57E7F73D898F8027090F8540089F857
:100B50000470B8F8007089F80500A9F80270685CA4
:100B600089F8060013F8010B89F8070009F108005D
:100B70001946FFF7F9FA308800F1080176E000BF66
:100B800022B3016A11B3B2F57E7F50D898F80230D3
:100B9000054689F8043090F85430B8F8007089F8A8
:100BA00005300379A9F8027089F8063011F8013B85
:100BB00089F8073009F108031846FFF7D5FA698B61
:100BC00028460831012203E0022142E000220221EE
:100BD000838B1BB3476A0FB38D1DEA18B2F5806F84
:100BE00025D8B8F8002009EB050329F8012098F86A
:100BF000022049448A7090F854200646CA7042790F
:100C00000A71426A12784A71416A828B0131184630
:100C1000FFF7AAFAB18B304629440122C38BBBB13E
:100C2000876AAFB18D1DEA18B2F5806F2AD91420FA
:100C30001921142406F004FC4AF2B610C0F6000094
:100C40004FF4806107F0AEFE204603B0BDE8F083AC
:100C500062B9B8F8002009EB010329F8012098F8DF
:100C6000022004319A7090F85400D87041F2487014
:100C7000C2F2000006F07CFD0024204603B0BDE86F
:100C8000F08300BFB8F8002009EB050329F8012024
:100C900098F8022049448A7090F854200446CA709B
:100CA00082790A71826A12784A71816AC28B013133
:100CB0001846FFF759FAE08B2918D7E75B434841FC
:100CC000524F4E5D2052657175657374206E6F745E
:100CD0002076616C69642C20536E617053686F7468
:100CE000206E6F7420737570706F727465642E005F
:100CF0002DE9F0410C4606460020002103F096FD48
:100D0000B578A5F1FA0005280AD21120192111247D
:100D100006F096FB43A007F045FE2046BDE8F081B3
:100D2000002DF2D0FF2D0BD13046214606F0B4F94C
:100D30000446002818BF14242046BDE8F08100BFF7
:100D4000284606F00BF9044641F64837C2F2000780
:100D500040F259503880FCB194F82C0000B3E0798F
:100D600004F1010885421DD1BD70B8F80000616B27
:100D7000A7F8030098F80200E28D787194F8540007
:100D8000B87111F8010BF87107F10800FFF7ECF9E1
:100D9000E08D00F1080106E0B0780321B87038E07A
:100DA000022136E00221207A854217D17D54B8F81D
:100DB00000007A18A2F8010098F802008E1DD07089
:100DC00094F854001071A06B00785071A16B228EC2
:100DD000B8190131FFF7C8F9208E3118607A8542C1
:100DE00017D17D54B8F800007A18A2F8010098F8DD
:100DF00002008D1DD07094F854001071E06B0078E3
:100E00005071E16B628E78190131FFF7ADF9608E98
:100E1000291841F64830C2F2000006F0A9FC002073
:100E2000BDE8F0815B434841524F4E5D20526571F1
:100E300075657374206E6F742076616C69642C2004
:100E4000446174615265636F7264206E6F742073C5
:100E50007570706F727465642E000000704700003A
:100E6000EFF3108072B600BFFEE7000070B542F2EB
:100E70000C060446C4F2020600F0D8FE3168C90729
:100E80001CD13068800644BF202030603068C00626
:100E900007D43069C00704D1306840075CBF002028
:100EA00070BD3068C00647F62800C2F2000021D4A9
:100EB00000213268520725D42AE000BFC4B105469C
:100EC000601C10D13068C007DBD03068C0071CBF81
:100ED00030685FEAC070D4D03068C007F2D1D0E784
:100EE0003068C007CDD000F0A1FE401BA042F7D96A
:100EF000032070BDC16941F00201C1611021326857
:100F0000520705D5C26941F0040142F00102C261F5
:100F10003269D20702D10120316070BDC26942F04E
:100F20000402C261306920F00100306101203160AB
:100F300070BD0000B0B50020012103F077FC41F640
:100F400048750446C2F2000540F65940288006F074
:100F500013FAE169A870022908D2032141F648700A
:100F6000C2F20000BDE8B04006F002BCC87868716B
:100F7000B1F8010091F85410A5F80300A9710721F8
:100F800041F64870C2F20000BDE8B04006F0F0BB88
:100F9000B0B50020012103F049FC42F24835044677
:100FA000C2F2000540F65930288006F0E5F9A16943
:100FB000A870022908D2032142F24830C2F2000090
:100FC000BDE8B04006F0D4BBC8786871B1F8010044
:100FD00091F85410A5F80300A971072142F2483096
:100FE000C2F20000BDE8B04006F0C2BB00F01EBE79
:100FF00090F82020013A012A08D8006800F1140274
:101000000020136819431160704700BF00F12402EB
:1010100001204FF4802113681943116070470000CC
:1010200010B590F820E0D0F800C0AEF1010EBEF18E
:10103000010FDCF808E011D81EF0E05F18D0CEF305
:1010400001640120A04018608B68DBB1D1F804E096
:10105000C86840EACE0040EA030E17E000F124031E
:1010600001204FF480211A681143196010BD00BFA0
:1010700000F1240301204FF400111A681143196094
:1010800010BD00BF0868CB6843EA405E0CF5C07035
:1010900000EB0413240140F804E00C69184640F802
:1010A000044F097D012903D1016841F48071016079
:1010B00050680121D8601068986000201A681143B8
:1010C000196010BD026890F82030013B012B29D82F
:1010D000B0B5D2F80002012340F00100C2F80002CE
:1010E000D1F814E0CC690EF01F0003FA00F0D2F83A
:1010F0001C326FEA000C8343012CC2F81C3217D05B
:101100006CBBD2F80C3203EA0C03C2F80C32CB6889
:101110008C8844EA034302EBCE04C4F840320B4609
:1011200015E000BF416A41F480214162012070470F
:10113000D2F80C320343C2F80C320B688C8844EAB4
:10114000034302EBCE04C4F8403201F10C038D6876
:101150001B8802EBCE0443EA0543C4F84432D2F8BC
:1011600004328C6943EA0005D1F810E0096A002CCA
:1011700008BF03EA0C05C2F80452D2F81432BEF1DB
:10118000000F43EA000408BF03EA0C040129C2F877
:10119000144204D1D2F81C120843C2F81C02D2F83F
:1011A000000220F00100C2F800020020B0BD0000E3
:1011B00070470000B0B590F82040013C012C7DD86C
:1011C000D0F800C000290CBFDCF80C40DCF810405F
:1011D000A4077DD00CF5D8754FEA011C55F80C40DA
:1011E00014F00404946055F80CE005EB011C19BFE1
:1011F0004FEADE0555604FEA5E551560DCF8005099
:10120000E64605F00205D5605EF8044F24075ABF94
:10121000DEF8004004F00F0408241461DEF80040FA
:101220000029C4F307249461DEF800504FEA154505
:101230005561DCF808201A70026802EB0112D2F83E
:10124000B8214FEA12225A70026802EB0112D2F85A
:10125000B8214FEA12429A70026802EB0112D2F8EA
:10126000B8214FEA1262DA70026802EB0112D2F87A
:10127000BC211A71026802EB0112D2F8BC214FEABC
:1012800012225A71026802EB0112D2F8BC214FEA15
:1012900012429A71026802EB0112D2F8BC214FEAA5
:1012A0001262DA7100680CBF00F10C0100F110014C
:1012B000002020220B681A430A60B0BD00F124010F
:1012C00001204FF480220B681A430A60B0BD00BFB2
:1012D00000F1240101204FF400120B681A430A6048
:1012E000B0BD000090F820100139012984BF002012
:1012F00070470068816882688068C1F38061C2F3CA
:10130000C0621144C0F30070084470472DE9F04FEB
:1013100081B0044600684669D0F804908768D0F828
:101320000CB0D0F810A0D0F81880F10704D1002537
:1013300030071DD424E000BFF90710D00121BA07FF
:10134000816009D4780700F1AF80380700F1B680DA
:10135000204600F03DFA02E0204600F03BFA00256E
:10136000F80500F18780F80300F1B180300707D558
:101370001BF0100004D0206845F400751021C160F6
:10138000700708D51BF0080005D020680821C1604F
:10139000204600F0ADF9B00706D52068C068800788
:1013A00002D0204600F0A6F9700607D51AF010000A
:1013B00004D0206845F4806510210161B00608D58D
:1013C0001AF0080005D0206808210161204600F0CD
:1013D000CBF9F00606D520680069800702D02046C8
:1013E00000F0C4F9B00308D519F0100005D020684A
:1013F00010214160204600F0BBF9F00308D519F038
:10140000080005D0206808214160204600F0ECF972
:10141000300440F19B805FEA497040F1948006F40B
:10142000807008EA102028435FEA8871014648BFAF
:1014300041F00201B20558BF01465FEA48700D460F
:1014400048BF45F00405700558BF0D46300540F112
:101450007A8018F0700000F07680103800090528B6
:101460006CD8DFE800F003655D61596945F0080557
:1014700064E000BF20684FF48071BA0581600BD42E
:10148000780515D438051DD4204600F0A5F9F803D9
:101490007FF56CAF1BE000BF204600F09FF9F8031A
:1014A0007FF564AF13E000BF4FF4006558E700BF5D
:1014B00005F50055F8037FF559AF08E04FF4805566
:1014C0004EE700BF05F58045F8037FF54FAF206874
:1014D0004FF48031BA0381600AD4780310D4380302
:1014E00014D4204600F07CF930073FF541AF47E7C0
:1014F000204600F077F930073FF53AAF40E700BFEC
:1015000005F5004530073FF533AF39E705F5803580
:1015100030073FF52DAF33E745F080050EE000BF03
:1015200045F020050AE000BF45F0400506E000BF99
:1015300045F0100502E000BF45F480752068816920
:1015400021F07001816120680421416055B1606A19
:1015500040EA05012046616201B0BDE8F04FFFF7A7
:1015600027BE00BF01B0BDE8F08F0000002804BF17
:1015700001207047B0B5044690F8200010B920460D
:1015800000F06EF82068016841F00101016000F090
:101590004DFB054620684168C90705D100F046FBB0
:1015A000401B0B28F6D310E0016821F00201016016
:1015B00000F03CFB054600BF2068416889070DD557
:1015C00000F034FB401B0B28F6D3606A052140F481
:1015D00000306062012084F82010B0BD217E0268D6
:1015E000012922F0800208BF80320260617E026819
:1015F000012922F0400208BF40320260A17E026849
:10160000012922F0200208BF20320260E17E026838
:10161000012922F0100218BF10320260217F0268F7
:10162000012922F0080208BF08320260617F0268C7
:10163000012922F0040208BF04320260D4E901C289
:10164000D4E9033561691A432A431143ACF101021D
:101650001143C16100200121606284F82010B0BDF7
:10166000B0B586B040F60004C4F201040068A4F5E9
:101670002442002190420591CDE90311029101D04D
:1016800006B0B0BD41F21800C4F20200426802ADDB
:1016900042F000724260426802F000720192019AC8
:1016A000026842F004020260006800F00400019049
:1016B00001984FF40060CDE90201049120462946CB
:1016C00000F0BAF94FF480500290022003900320FA
:1016D00005902046294600F0AFF914200021002291
:1016E00000F024FB142000F00FFB06B0B0BD00009A
:1016F00070470000B0B58AB003AA01AB0021FFF724
:1017000059FD70BB0398B0F5FC6F2AD140F26024FC
:101710009DF81C20C2F200042078082A21D801304C
:10172000617800F00F058D4204D16068013060607F
:101730000AB0B0BD207847F2B0210001C2F200012A
:101740004FF4FC630B50207801EB001002712078FD
:1017500001EB0010053001A9FEF706FDBFF35F8F16
:1017600025700AB0B0BD000070470000704700004F
:1017700070470000B0B5044690F8200001281DD144
:10178000022084F820002068016821F00101016036
:1017900000F04CFA054600BF20684068C00713D02F
:1017A00000F044FA401B0B28F6D3606A40F4003086
:1017B0006062052084F820000120B0BD606A40F41A
:1017C000002060620120B0BD00206062B0BD00005A
:1017D000704700007047000070470000704700002D
:1017E0007047000070470000704700002DE9F0438B
:1017F00081B047F62805C2F200052A7E012A03D1EE
:10180000022001B0BDE8F083044601202668287656
:101810004CF250308846FFF729FB022E1CD10028DD
:101820004ED1002042F21004E861C4F202042068A4
:1018300040F004002060206840F0400020604CF23E
:101840005030FFF713FB216821F0040121600021D3
:10185000297601B0BDE8F08390BB4FF0FF30C8F8A7
:101860000000D4E90270414607EBC020874227D22E
:1018700042F21006C4F202064FF00009C5F81C90AF
:10188000306840F0020030607760306840F040001F
:1018900030604CF25030FFF7E9FA316821F0020174
:1018A000316098B9D4E9020107F5006700EBC12067
:1018B0008742E3D300200021297601B0BDE8F08300
:1018C00001200021297601B0BDE8F083C8F800703E
:1018D0000021297601B0BDE8F083000042F210013A
:1018E000C4F20201086840F0800200200A607047DC
:1018F0002DE9F04381B047F62807C2F200071646EB
:101900003A7E012A04D1022001B0BDE8F08300BF75
:101910000546012038764CF250300C469846FFF7C9
:10192000A5FA28B10021397601B0BDE8F08300BFE7
:1019300042F210090020C4F20209F861D9F800004F
:1019400040F00100C9F800004CF250302680FFF74B
:101950008DFAD9F80010002821F00101C9F8001013
:1019600018BF0046DED1012DDCD00020F861D9F887
:101970000000310C40F00100C9F800004CF250307A
:101980006180FFF773FAD9F80010002821F00101F7
:10199000C9F80010C6D1E81E10F1030F4FF0000087
:1019A000C0D8F861D9F8000040F00100C9F8000083
:1019B0004CF25030A4F80480FFF758FAD9F8001020
:1019C000002821F00101C9F80010ABD10020F86116
:1019D000D9F800004FEA184140F00100C9F80000B2
:1019E0004CF25030E180FFF741FAD9F8001000289E
:1019F00021F00101C9F8001018BF00460021397616
:101A000001B0BDE8F083000042F20400C4F202001D
:101A1000C16809065CBF0020704740F22311C4F280
:101A20006751016048F6AB11CCF6EF510160C06818
:101A3000C0B2C009704700002DE9F04F82B00E68B7
:101A4000002E00F0E980A0F1804241F6004540F20E
:101A50000043A2F58432C4F201050624C4F2010356
:101A60004FEAB227A84208BF05244FF0000E4FF0FE
:101A700001080F254FF0000A4FF0000B052F38BF6B
:101A80004FEAB224009408E00E680AF1010A36FA1F
:101A90000AF20EF1040E00F0BF8008FA0AFC16EA02
:101AA0000C09F1D04E684FF6FF72C1F21002964257
:101AB00012DC122E56D8DFE806F0350B4D4955558D
:101AC000555555555555555555555545510000BF1A
:101AD000D1F80CB046E000BF4FF6FF72C1F2210210
:101AE00096420FDC0022C1F2110296421AD0002267
:101AF000C1F21202964215D00022C1F22102964292
:101B000010D02FE00022C1F2220296420AD0002219
:101B1000C1F23102964205D00022C1F23202964251
:101B200020D100BF8A684AB1012A14BFC0F814C08E
:101B3000C0F810C04FF0080B14E000BF4FF0040BCA
:101B400010E000BFCA6802F1040B0BE04FF0000B7D
:101B500008E000BFCA6802F1080B03E0CA6802F19E
:101B60000C0B00BF02467446B9F5807F24BF0432D7
:101B7000203C166805FA04F726EA07070BFA04F674
:101B800037431760CA79D2067FF57EAF41F2180756
:101B9000C4F202073A684FF6084542F001023A6083
:101BA0003A68CFF6FF7502F001020192019A2AF01D
:101BB00003021A440F2457590EF00C06B440A743F1
:101BC000009C04FA06F6374357514E6840F20C4425
:101BD000F2029A6854BF22EA090242EA0902C4F2F8
:101BE00001049A602268B70254BF22EA090242EA5D
:101BF000090222605A68B70354BF22EA090242EA86
:101C000009025A600F251A68F70354BF22EA090235
:101C100042EA09021A6037E702B0BDE8F08F00001F
:101C2000002A08BF090401617047000049F6480016
:101C3000C2F200000068704740F2080049F648010F
:101C4000C2F20000C2F2000100780A681044086085
:101C50007047000080B542F20000C4F20200016843
:101C600041F010010160032000F08CF80F2000F01B
:101C700005F800F027F8002080BD000070B540F2A4
:101C80000806C2F2000640F21C013278C2F20001DE
:101C90004FF47A730968B3FBF2F20446B1FBF2F138
:101CA000084600F085FB0F2C4FF0010508D838B925
:101CB0004FF0FF3021460022002500F037F8746015
:101CC000284670BD82B041F21800C4F202000168DB
:101CD000022241F001010160016801F0010101915E
:101CE0000199416841F080514160406800F08050A6
:101CF000009000980420C4F20100016862F31A61A8
:101D0000016002B070470000002848BF704700F033
:101D10001F01012202FA01F11C2202EAD0004EF258
:101D20000012CEF2000281507047000010B54EF64E
:101D30000C5CCEF2000CDCF80030C3F3022E8EF007
:101D40000704042C28BF0424BEF103034FF0FF3E18
:101D50000EFA04F438BF0023A14399400EFA03F3AE
:101D60009A43114300F00F0200F160430901043A65
:101D700003F564436244002848BF02F10C03197064
:101D800010BD00004EF60C51CEF200010A684FF66D
:101D9000FF031A4060F30A2242F0806040F0FD70B9
:101DA00008607047002804BF012070472DE9F04308
:101DB00081B042F20008C4F202080446D8F80000DC
:101DC0000D4600F0070088420CD2D8F8000020F041
:101DD00007002843C8F80000D8F8000000F007000A
:101DE000A8426CD1206841F204098107C4F20209BB
:101DF00017D5410705D5D9F8001041F4E061C9F8BD
:101E00000010010705D5D9F8001041F46051C9F858
:101E10000010D9F80010A26821F0F0011143C9F8B0
:101E20000010C00742D1D8F8000000F00700A84217
:101E30000CD9D8F8000020F007002843C8F80000AB
:101E4000D8F8000000F00700A84238D12068410708
:101E500007D5D9F80010E26821F4E0611143C9F810
:101E60000010000708D5D9F80000216920F460505F
:101E700040EAC100C9F80000D9F8002002F00C00C7
:101E8000082841F20020C0F27A004DD149F21A131D
:101E9000C2F38341C0F60003595CD20338D440F644
:101EA0000010C0F23D0048433EE000BF606859F8B2
:101EB000041C022808D0012826D1890306D4012059
:101EC00001B0BDE8F08300BF8901F8D5D9F8001052
:101ED00021F003010843C9F80000FFF7A7FE0646FA
:101EE00041F28837D9F80000616800F00C00B0EBCF
:101EF000810F98D0FFF79AFE801BB842F2D90320D9
:101F000001B0BDE8F08300BF8907D8D5DEE700BF88
:101F1000D9F8002048F61873C2F34042C0F6000317
:101F20009A5C4843B0FBF2F0D9F8001048F6007212
:101F3000C1F30311C0F60002515C40F21C0220FA0A
:101F400001F140F20C00C2F200000068C2F200028F
:101F50001160FFF793FE002001B0BDE8F0830000A0
:101F600040F21C0041F20401C2F20000C4F202017E
:101F70000068096848F61072C1F30221C0F6000239
:101F8000515CC8407047000040F21C0041F204015F
:101F9000C2F20000C4F202010068096848F610723B
:101FA000C1F3C221C0F60002515CC8407047000076
:101FB000002804BF012070472DE9F04182B004469B
:101FC000007841F20006C007C4F202060CD0706827
:101FD00000F00C00042840F081803068800303D5B5
:101FE0006068002800F04681207880071BD5706863
:101FF00010F00C0F09D0706800F00C00082840F0B9
:1020000087807068C00300F183803068800703D543
:102010002069012840F02E813068616920F0F800C5
:1020200040EAC10030602078000713D420784007D0
:102030002CD4E569002D00F01881706800F00C00C8
:10204000082840F0A780012D40F00481012002B053
:10205000BDE8F081A069002800F084800020C4F26F
:1020600042200121C0F88014FFF7E0FD054600BFC3
:10207000706A800700F1B280FFF7D8FD401B02288C
:10208000F6D9032002B0BDE8F08100BFF0695FEA35
:10209000C00808D4F06940F08050F061F06900F0A9
:1020A00080500090009847F20007C4F2000738689B
:1020B000C00549D4386840F480703860FFF7B6FD39
:1020C000054600BF3868C0053ED4FFF7AFFD401B92
:1020D0006428F7D9032002B0BDE8F081706800F0F1
:1020E0000C00082803D17068C0033FF576AF616823
:1020F0003068002900F00C81B1F5A02F00F00081BC
:10210000B1F5803F40F01A8140F480301CE100BFFF
:102110002069002840F20000C4F2422000F08880CC
:1021200001210160FFF782FD054600BF306880078E
:102130003FF572AFFFF77AFD401B0228F6D9032066
:1021400002B0BDE8F08100BFE168306A002900F00C
:102150009D80052900F09280012940F0AF8040F079
:102160000100B1E00020C4F242200021C0F8801438
:10217000FFF75CFD054600BF706A80077FF556AF2C
:10218000FFF754FD401B0228F6D9032002B0BDE83A
:10219000F08100BF0027C4F2422700203866FFF715
:1021A00045FD022D05460DD13068800140F1DE80ED
:1021B000FFF73CFD401B02284FF00300F4D902B0AA
:1021C000BDE8F081306880014FD5FFF72FFD401B3F
:1021D00002284FF00300F5D9F1E700BF40F21C00E0
:1021E000C2F20000006844F6D351C1F26201A0FBC4
:1021F0000101480A019000BF00BF0198411E00285C
:1022000001913FF413AF00BF0198411E00280191D6
:102210003FF40CAF00BF0198411E002801913FF42C
:1022200005AF00BF0198411E00280191E4D1FDE6F1
:1022300000210160FFF7FAFC054600BF3068800707
:102240007FF5F1AEFFF7F2FC401B02284FF00300D0
:10225000F4D9B4E77068216A00F480328A4209D167
:10226000616A00F47010884204D1002002B0BDE819
:10227000F08100BF012002B0BDE8F08140F0040011
:102280003062306A40F001001EE000BF20F0010023
:102290003062306A20F004003062FFF7C7FC054668
:1022A00041F28837306A800720D5FFF7BFFC401B1A
:1022B000B8424FF00300F5D981E700BF20F00100DC
:1022C0003062306A20F004003062FFF7AFFC054650
:1022D00041F28837306A800708D4FFF7A7FC401B1B
:1022E000B842F7D9032002B0BDE8F081B8F1000F81
:1022F0003FF59FAEF06920F08050F06199E600BF95
:1023000040F480203060306840F480301CE000BF32
:1023100020F480303060306820F480203060FFF797
:1023200085FC0546306880037FF55EAEFFF77EFCD6
:10233000401B64284FF00300F4D940E720F48030BC
:102340003060306820F480203060FFF76FFC054675
:10235000306880033FF548AEFFF768FC401B6428F7
:10236000F6D9032002B0BDE8F08100BF206AB0F5C5
:10237000803F05D17168A26821F40031114371607A
:102380007168626A21F4741111430843706001207E
:102390003866FFF74BFC0446306880013FF565AFB7
:1023A000FFF744FC001B02284FF00300F4D906E7B6
:1023B000411E0020B0EB116F1CBF012070474EF290
:1023C0001002CEF2000251604EF62351CEF200010F
:1023D000F0230B700721906011607047002804BF44
:1023E0000120704710B5044690F8410028B900203C
:1023F00084F84000204600F063F8242084F841006F
:102400002068D4E90212C36823F40053C36003694F
:1024100023F440531A430261D4E904231143C268F0
:10242000194341F20C639A431143C1604169A269A7
:1024300021F44071114343F60002C4F201029042BC
:10244000416103D0FFF78CFD02E000BFFFF79CFD68
:10245000D4E90023192148439900B0FBF1F048F278
:102460001F5CC5F2EB1CA0FB0C314FF69C734909B5
:10247000C0F6FF7301FB0300322303EB0010A0FB47
:102480000C03F02000EA531000EB0110C3F34311DA
:10249000084490601069202120F490401061506938
:1024A00020F02A005061D06840F40050D060002035
:1024B000606484F8411084F84210606310BD00002D
:1024C00070B586B040F60004C4F20104006804F55B
:1024D0004051002688420596CDE90366029601D058
:1024E00006B070BD41F21800C4F20200016802ADEE
:1024F00041F480410160016801F48041019101993A
:10250000016841F0040101600068294600F0040000
:10251000019001984FF40070029002200390032074
:1025200005902046FFF788FA4FF48060CDE9020657
:10253000204629460496FFF77FFA06B070BD0000DA
:102540002DE9F04381B0044690F84100202809D1DC
:1025500000294FF0010018BF002A07D101B0BDE8E3
:10256000F08300BF022001B0BDE8F083002060646A
:1025700021201D460E4684F841001746FFF756FB02
:10258000A784E784A1688146B1F5805F02D1206904
:1025900000285DD037460020E28C2168002A5DD0FB
:1025A0006A1C24D0002D4AD0804600BF086800066F
:1025B00008D4FFF73BFBA0EB0900A8427AD82168BA
:1025C000C868F3E717B117F8010B04E038F8020BFD
:1025D00000276FF35F204860E08C0138E084E08CD6
:1025E0000028E3D13AE000BF0A68120609D40A685D
:1025F000120606D40A6812065CBF0A685FEA026225
:10260000F2D51FB117F8012B05E000BF30F8022BFF
:1026100000276FF35F224A60E28C013AE284E28C89
:10262000002AE4D11AE000BF30F8022B00276FF334
:102630005F224A60E28C013AE284E28C72B10A685D
:10264000120635D5002FEFD017F8012BF1E700BFA8
:1026500000273046E28C2168002AA1D10868400694
:102660001ED42DB3681C14D1086840062AD408680B
:10267000400627D40868400624D4086840064FF076
:102680000000F1D50DE000BF2068C1680068400679
:1026900018D4FFF7CBFAA0EB0900A842F4D909E05F
:1026A0000020202184F8411001B0BDE8F08300BF74
:1026B000FFF7BCFA0320202184F8411001B0BDE8E7
:1026C000F08300BF0020202184F8411001B0BDE854
:1026D000F0830000FEE7000010B547F2B07046F24C
:1026E0000041C2F20000C4F20001092200234FF0B1
:1026F000807480E80E0000F10C014FF4802C4FF440
:10270000801E81E8085084618383FEF72FFF002834
:1027100008BF10BDBDE81040FEF7A2BB2DE9F04395
:1027200085B00020CDE90300CDE9010041F2180099
:10273000C4F20200016840F6004941F04001016026
:102740000168C4F2010901F040010091009901689B
:1027500009F5406541F0040101600168012201F0C2
:1027600004010091009901684FF0200841F0080130
:1027700001600068202100F00800009000982846C1
:102780000127FFF74DFA484620210122FFF748FABA
:1027900001AE032428463146CDE90187039704940E
:1027A000FFF74AF948463146CDE90187CDE9037480
:1027B000FFF742F905B0BDE8F083000080B547F2AD
:1027C000D87043F60001C2F20000C4F201010023F8
:1027D0004FF00C0C4FF4E13280E80E00C0E90333F7
:1027E000C0E905C3C361FFF7F9FD002808BF80BD3C
:1027F000BDE88040FEF734BBFEE70000B0B5002026
:10280000012102F013F842F248750446C2F20005B5
:1028100040F65960288004F0AFFD616AA87089B164
:10282000C8786871B1F8010091F85410A5F8030058
:10283000A971072142F24870C2F20000BDE8B04021
:1028400004F096BF032142F24870C2F20000BDE8D6
:10285000B04004F08DBF0000B0B50020012101F0B0
:10286000E5FF42F648350446C2F2000540F65950ED
:10287000288004F081FD216AA87089B1C878687148
:10288000B1F8010091F85410A5F80300A9710721CF
:1028900042F64830C2F20000BDE8B04004F068BF24
:1028A000032142F64830C2F20000BDE8B04004F017
:1028B0005FBF0000FEE70000B0B5C0B2C9B204F0CF
:1028C00095F842F648750446C2F2000540F2597088
:1028D000288004F051FDA8700120E870200A2871BA
:1028E000284606216C71BDE8B04004F041BF0000ED
:1028F00070B50346807843F24834C2F200044AB10E
:10290000DB78012204F0A8F8054659202070172032
:102910000CE000BF002200230E4604F09DF805469F
:10292000592020700120002E18BF1120607004F083
:1029300023FDA0700120E070280A207120460621A6
:102940006571BDE8704004F013BF000070470000DF
:10295000704700002DE9F04383B0044600200021B9
:102960004FF0000901F062FF14F8025F43F6AC2853
:102970006678A778C2F2000840F65910A8F800005F
:1029800004F0FAFC88F80200284631463A46002353
:10299000CDF80090CDF8049004F078FA80B1B0F84A
:1029A0000F10A8F80310B0F80110A8F80510C178AE
:1029B00090F8540088F8071088F80800092106E00C
:1029C000A078062188F805002088A8F8030043F6BF
:1029D000AC20C2F2000003B0BDE8F04304F0C8BE72
:1029E0002DE9F0470020002101F020FF8046002063
:1029F000012101F01BFF43F6AC6905460488B0F8DD
:102A000008A0C2F2000940F65920A9F8000004F01D
:102A1000B3FCBAF5807F89F802000FD91420192180
:102A2000142404F00DFD4AF2B610C0F600004FF475
:102A3000806105F0B7FF2046BDE8F08734B305F1AB
:102A40003000621E08F1540303210025002400BF5A
:102A5000C5F3C707C75D05F00706F740FF070CD0B1
:102A600033F8537C09EB010629F8017013F8517C07
:102A70000431B7701F780134F770544507D0AA426B
:102A800005F1010503F15803E2D100E0032143F60B
:102A9000AC60C2F2000004F06BFE0020BDE8F087DD
:102AA000FFF7CAB87047000047F2B070C2F20000EA
:102AB000FEF72CBCFEE700002DE9F04730B1877827
:102AC00090F803A090F8049005E000BF33274FF082
:102AD000FF0A4FF0FF0944F2AC28C2F2000844F2AA
:102AE0005920A8F8000088F8027004F045FC88F826
:102AF00003000020002101F099FE0446002001217E
:102B000001F094FE0288CAB3FBB2FF2B00F1300043
:102B10003ED054340027042105E000BF0137BA42FB
:102B200004F158042BD0C7F3C706865D07F00705EC
:102B3000EE40F607F2D014F8446C9E42EED114F841
:102B4000546C1AEA060F1CBF14F8455C19EA050616
:102B5000E4D08E1DB6F5806F4CD808F8015014F8FB
:102B6000445C41444D7034F8535C4D8014F8515C22
:102B70000D7125784D713146D0E700BF042144F234
:102B8000AC20C2F2000004F0F3FD0020BDE8F087A5
:102B900004F154030027042105E000BF0137BA42C5
:102BA00003F15803EBD0C7F3C706865D07F00705AE
:102BB000EE40F607F2D013F8546C1AEA060F1CBF69
:102BC00013F8456C19EA0605E8D08C1DB4F5806F42
:102BD00010D808F8016013F8446C41444E7033F883
:102BE000536C4E8013F8516C0E711E784E71214655
:102BF000D4E700BF1420192104F022FC1420BDE802
:102C0000F087000084B040F20005C2F200051446CF
:102C10000E46074647A0162101222B4606F044F92E
:102C20003846294606F034F948A0072101222B46F0
:102C300006F03AF93046294606F02AF945A0072160
:102C400001222B4606F030F901A80A300A21012C96
:102C5000ADF80E1052DB4CF6CD4C49F69A1248F204
:102C60001F5E44F6D35841F25979CCF6CC4CC1F6EC
:102C70009912C5F2EB1EC1F26208CDF2B71942F209
:102C8000107500BFA4FB0C13D90801EB8103A4EB62
:102C9000430343F030030A2C00F8013C36D3A1FB78
:102CA000023707EB8703A1EB430141F03001642CAD
:102CB00000F8021C2ED3A4FB0E135909A1FB023706
:102CC00007EB8703A1EB430141F03001B4F57A7FB4
:102CD00000F8031C22D3A4FB08139909A1FB0237B7
:102CE000A4FB093607EB8703A1EB430141F0300158
:102CF00000F8041DAC424FEA5634C3D240F2000142
:102D0000C2F2000106F0C4F800F028F84FF0FF31DD
:102D100006E000BF6FF0010102E000BF6FF00201AA
:102D2000084440F20001C2F2000106F0B1F800F0E0
:102D300015F800BF2A2A2A20617373657274696FBF
:102D40006E206661696C65643A2000002C2066691B
:102D50006C6520002C206C696E652000FEE7000089
:102D600010B50020012101F061FD50210446FDF75E
:102D700014FA0320C0F201004FF00111C4E90A0166
:102D80004BF6EF60CDF6AD60A06402F081FB01F080
:102D900021FD02A0BDE8104006F09AB85B4348410F
:102DA000524F4E5D20445443206865616465722033
:102DB0006973206E6F77207365742E0D000000001C
:102DC0002DE9F04F87B04278032A6DD0022A45D012
:102DD000012A40F07F80072972D9B0F802800446AA
:102DE00098FA98F948460D4604F0ECFA002800F0ED
:102DF000898105F57F718908B0F808B0CDB246F633
:102E0000AF2A002DC2F2000A00F00A81271D00241B
:102E1000388800BA000C04F0D5FA002800F072815E
:102E2000FE78002E00F06E81A1B20BEB010232445D
:102E3000142A00F26781BA78002A00F06381C06822
:102E4000514410440138324601F048FF3444013DFA
:102E500007F10407DCD1A6B2E3E000BF0579002248
:102E60000629069205922BD9B0F802B082469BFA49
:102E70009BF42046884604F0A5FA002800F0428121
:102E80002E0905F00F07711E7A1E1143042980F0E8
:102E9000398107EB1519A8F10501008989450490CE
:102EA00040F2D680002513E1042900F08780022932
:102EB00006D146F2AF240025C2F2000400261FE02E
:102EC00013202C21132404F0BBFA204607B0BDE8E0
:102ED000F08F00BF12202C21122404F0B1FA2046FA
:102EE00007B0BDE8F08F00BF0022C1680746084662
:102EF000214601F003FFBD600136B0B2FF2853D078
:102F000046F4724000BA000C04F05CFA20B3417F32
:102F100011B3017F01BB8168B1B1002165548268A2
:102F20004B1C934211D263185D7082688F1C9742CC
:102F30000BD29D708268CF1C974206D2DD708268EA
:102F400004319142EAD300E00022C16807460846F6
:102F5000214601F0D3FEBD6046F4734000BA000C78
:102F600004F030FA0028C7D0417F0029C4D0017F87
:102F70000029C1D181680029B6D00021655482683A
:102F80004B1C9342B1D263185D7082688F1C9742CC
:102F9000ABD29D708268CF1C9742A6D2DD7082684A
:102FA00004319142EAD3A0E746F2AF60C2F20000DA
:102FB0004FF45B7101800221C5E000BF04464088E8
:102FC00004F000FA002800F0B280417F002900F0F0
:102FD000AE80017F002940F0AA8081680025002989
:102FE00000F09A8046F2AF21C2F200010023CD54D6
:102FF00082685F1C974280F09080CF187D70826855
:103000009E1C964280F08980BD708268DE1C9642CC
:1030100080F08380FD70826804339342E7D37CE0C4
:103020000026484604F0CEF906EB0B01C268816029
:103030000121417702EB0B005146324601F05EFE62
:103040004FF4B670AAF80000AAF80280504679E062
:10305000B1FBF9F0CDE9004B02902020A0EBC701B5
:10306000A0EBC6080AF105054FF0000A4FF0000B6F
:10307000039100BF06A829463A46FDF775F8E919FD
:1030800005A83246FDF770F80698039900BAC840C3
:103090000599049A09BA21FA08F41FFA8BF10A4437
:1030A0002244152A069005942CD246F6AF62C2F24D
:1030B00000021144224601F011FE02980AF1010AB1
:1030C000A34482454D44D5D31FFA8BF5DDE9004B6F
:1030D000204604F077F9049BC268E91846F6AF640D
:1030E00081600121C2F200044177D01821462A46AE
:1030F00001F004FE4FF41B702080A4F802B02046BB
:1031000020E000BF31202C21312404F099F9204621
:1031100007B0BDE8F08F00BF0022C36846F2AF21C0
:10312000C2F200010646184601F0E8FDB56046F21D
:10313000AF606288C2F200004FF45B71018011BA87
:10314000090C4180042104F013FB0024204607B041
:10315000BDE8F08F2DE9F04703AF82B08246481EEC
:10316000C0F34F06072000EB860020F00700ADEB10
:103170000009CD46C81E08281AD8002E00F08C8001
:10318000BAF8010000BA000C04F01CF9A0B14468C0
:10319000054604F0EDF924FA00F0C0071ABFC9F89B
:1031A00000504FF001084FF00008012E08D159E0FF
:1031B00013202221132472E04FF00008012E51D079
:1031C000BAF8030000BA000C04F0FCF858B14468E7
:1031D000054604F0CDF924FA00F0C0071CBF49F8F9
:1031E000285008F10108022E3CD0BAF8050000BAB8
:1031F000000C04F0E7F858B14468054604F0B8F94B
:1032000024FA00F0C0071CBF49F8285008F1010853
:10321000032E27D0BAF8070000BA000C04F0D2F849
:1032200058B14468054604F0A3F924FA00F0C00739
:103230001CBF49F8285008F10108042E12D0BAF832
:10324000090000BA000C04F0BDF858B14568044606
:1032500004F08EF925FA00F0C0071CBF49F8284099
:1032600008F10108B8F1000F16D0D9F8005044F267
:10327000AC64A8686FF48061A0F58060C2F20004BD
:1032800088424FF06200207012D214242046A7F129
:103290000C04A546BDE8F08731202221312404F03A
:1032A000CFF82046A7F10C04A546BDE8F08700BF83
:1032B000288800BA010CD5E90220A4F80110E11C0D
:1032C00001F00CFDAB68B8F1010F03F103010DD162
:1032D00044F2AC60C2F2000004F04AFA0024204636
:1032E000A7F10C04A546BDE8F08700BFD9F804504B
:1032F000A8680844B0F5806FC7D828885E1D00BA5A
:10330000000C6052D5E90220A11901F0E7FCA86881
:10331000B8F1020F06EB0001DAD0D9F80850A8681E
:103320000844B0F5806FB0D828888E1C00BA000C15
:103330006052D5E90220A11901F0D0FCA868B8F1CB
:10334000030F06EB0001C3D0D9F80C50A86808445D
:10335000B0F5806F99D828888E1C00BA000C605296
:10336000D5E90220A11901F0B9FCA868B8F1040F51
:1033700006EB0001ACD0D9F81050A8680844B0F5AD
:10338000806F3FF682AF28888E1C00BA000C605216
:10339000D5E90220A11901F0A1FCA868311897E72E
:1033A0002DE9F04F85B08D1E052D80F025814778E1
:1033B0007A1ED6B2032E00F2298140F2CC2BC2F243
:1033C000000BDBF83030052B80F02081042F40F01B
:1033D0002181002D00F084819BF80070A1F1030E83
:1033E00000F1020CBEF1030F05F0030880F09A8192
:1033F00000261A46B8F1000F36D01CF806108F428E
:103400000CD1002701218BF80070002A8BF80610E0
:103410000FBF0022531ECBF830301A46B8F1010F0F
:1034200022D00CEB06014E78B7420CD100270126C2
:103430008BF80070002A8BF806600FBF0022531E25
:10344000CBF830301A46B8F1020F0DD089788F4290
:103450000AD100218BF800100121002A8BF80610F8
:103460001CBF531ECBF830309BF80870BEF1030F21
:1034700080F0AC8100261A46B8F1000F36D01CF857
:1034800006108F420CD1002701218BF80870002A0A
:103490008BF80E100FBF0022531ECBF830301A46A7
:1034A000B8F1010F22D00CEB06014C78A7420CD1E9
:1034B000002701248BF80870002A8BF80E400FBFFC
:1034C0000022531ECBF830301A46B8F1020F0DD04F
:1034D00089788F420AD100218BF808100121002A37
:1034E0008BF80E101CBF531ECBF830309BF81070B9
:1034F000BEF1030F80F0BE8100261A46B8F1000F1E
:1035000036D01CF806108F420CD1002701218BF811
:103510001070002A8BF816100FBF0022531ECBF834
:1035200030301A46B8F1010F22D00CEB06014C786E
:10353000A7420CD1002701248BF81070002A8BF8C9
:1035400016400FBF0022531ECBF830301A46B8F198
:10355000020F0DD089788F420AD100218BF810100C
:103560000121002A8BF816101CBF531ECBF83030F7
:103570009BF81820BEF1030F80F0D0810027B8F12E
:10358000000F00F0C1801CF8070082420BD100221E
:1035900001208BF81820002B8BF81E001ABF013B6E
:1035A000CBF830300023B8F1010F00F0AD800CEB08
:1035B000070041788A420BD1002201218BF81820A4
:1035C000002B8BF81E101ABF013BCBF830300023C4
:1035D000B8F1020F00F098808078824240F0948029
:1035E00000208BF818000120002B8BF81E0000F043
:1035F0008B80581E86E000BF13202A21132403F07D
:103600001FFF204605B0BDE8F08F00BF31202A2102
:103610005EE000BF002D59D0CDE9016700F102083E
:1036200000260DF1100A002703921BE007EB0A00A9
:1036300010F8010C9BF800109BF808209BF8103044
:103640009BF81840814208BF0136824208BF01360C
:10365000834208BF0136844208BF0136013D08F1AC
:10366000010815D098F8000000F5724003F0AAFE9A
:103670000028F3D0D0F8049003F07AFF29FA00F084
:10368000C007D3D098F800000AF807000137CDE74B
:10369000DBF83000B91B0844042817D801AE70CEFF
:1036A000A7B19BF800209DF810108A4240F0848159
:1036B000032C8BF8045080F08A8148F6F462F1B252
:1036C000C0F6000252F8211082E100BF3120222111
:1036D000312403F0B5FE204605B0BDE8F08F00BFF1
:1036E000002001218BF800008BF806108BF80800F1
:1036F0008BF80E108BF810008BF816108BF8180052
:103700008BF81E10CBF8300044F6AC20C2F200005B
:103710006A210170012104F02BF80024204605B035
:10372000BDE8F08F05F0040900264FF0010A1A46A3
:1037300004E000BF0436B1453FF45CAE81198C78DB
:10374000A74221D100278BF80070002A8BF806A031
:103750000FBF0022531ECBF830301A46CC78A74258
:1037600015D00C79A74221D100278BF80070002AD0
:103770008BF806A00FBF0022531ECBF830301A463C
:1037800049798F42D6D114E0CC78A742E9D10027FD
:103790008BF80070002A8BF806A00FBF0022531E82
:1037A000CBF830301A460C79A742DDD049798F42E8
:1037B000C0D100278BF80070002A8BF806A00FBF3D
:1037C0000022531ECBF830301A46B3E705F0040947
:1037D00000264FF0010A1A4604E000BF0436B14546
:1037E0003FF44AAE81198C78A74221D100278BF88B
:1037F0000870002A8BF80EA00FBF0022531ECBF8D2
:1038000030301A46CC78A74215D00C79A74221D186
:1038100000278BF80870002A8BF80EA00FBF00223B
:10382000531ECBF830301A4649798F42D6D114E076
:10383000CC78A742E9D100278BF80870002A8BF8D2
:103840000EA00FBF0022531ECBF830301A460C7961
:10385000A742DDD049798F42C0D100278BF808708C
:10386000002A8BF80EA00FBF0022531ECBF8303079
:103870001A46B3E705F0040900264FF0010A1A467C
:1038800004E000BF0436B1453FF438AE81198C78AE
:10389000A74221D100278BF81070002A8BF816A0C0
:1038A0000FBF0022531ECBF830301A46CC78A74207
:1038B00015D00C79A74221D100278BF81070002A6F
:1038C0008BF816A00FBF0022531ECBF830301A46DB
:1038D00049798F42D6D114E0CC78A742E9D10027AC
:1038E0008BF81070002A8BF816A00FBF0022531E11
:1038F000CBF830301A460C79A742DDD049798F4297
:10390000C0D100278BF81070002A8BF816A00FBFCB
:103910000022531ECBF830301A46B3E705F00401FD
:103920000027012604E000BF0437B9423FF427AE68
:10393000C519AC78A2421FD100228BF81820002BA9
:103940008BF81E601ABF013BCBF830300023EC78B7
:10395000A24214D02C79A2421FD100228BF8182049
:10396000002B8BF81E601ABF013BCBF830300023D0
:103970006D79AA42D8D113E0EC78A242EAD10022B4
:103980008BF81820002B8BF81E601ABF013BCBF878
:10399000303000232C79A242DFD06D79AA42C3D106
:1039A00000228BF81820002B8BF81E601ABF013BF9
:1039B000CBF830300023B7E79BF80620012A0FD15F
:1039C000022C8BF800108BF804507FF676AE0021A5
:1039D000CBF8201000218BF80610012101E000BF78
:1039E0000021B942BFF48EAE9BF808301AF80120CE
:1039F00093420BD1022C8BF80C5011D848F6F4638B
:103A0000F2B2C0F6000353F822200AE09BF80E3011
:103A1000012B0CD1032C8BF808208BF80C50EDD324
:103A20000022CBF82420002201318BF80E20B9426D
:103A3000BFF468AE9BF810301AF8012093420BD106
:103A4000022C8BF8145011D848F6F463F2B2C0F689
:103A5000000353F822200AE09BF81630012B0CD10A
:103A6000032C8BF810208BF81450EDD30022CBF8E8
:103A70002820002201318BF81620B942BFF442AE53
:103A80009BF818201AF801108A420BD1022C8BF8EF
:103A90001C5012D848F6F462F1B2C0F6000252F897
:103AA00021100BE09BF81E20012A7FF42BAE032C83
:103AB0008BF818108BF81C50ECD30021CBF82C108D
:103AC00000211DE6F0B583B042780A39002311F1D8
:103AD000060F019308D813202321132403F0B0FC10
:103AE000204603B0F0BD00BF140902F00F05611EAF
:103AF0006A1E1143042939D2861C02A831462A467F
:103B0000FCF732FB711901A82246FCF72DFB029845
:103B1000202600BAA6EBC50120FA01F5019F284630
:103B200003F02CFC10B339BAA6EBC402836821FA67
:103B300002F49C42CFD8466803F01AFD26FA00F042
:103B4000C0071BD044F6AC66C2F2000663203146C3
:103B500001F8010B2846224601F0C0F8611C3046EE
:103B600003F006FE0024204603B0F0BD31202321DF
:103B7000312403F065FC204603B0F0BD332023213F
:103B8000332403F05DFC204603B0F0BD70B502297C
:103B900024D9B0F8016070BA03F014FC30B30446C5
:103BA000007C18B3656803F0E3FC25FA00F0C00759
:103BB00024D045F2AC25C2F2000564202870D4E977
:103BC0000520E91CA5F8016001F088F86069C11CB6
:103BD000284603F0CDFD002070BD00BF1320242136
:103BE000132403F02DFC204670BD00BF312024219A
:103BF000312403F025FC204670BD00BF3320242172
:103C0000332403F01DFC204670BD000070B540F267
:103C1000CC25C2F20005286B002800F0EC80A879C2
:103C200018B9286A50B30138286200240020A97B03
:103C300000295CD1696A0A46002918BF01220243A3
:103C400004D000291CBF0139696250E0297B45F28C
:103C5000AC66287A4FF6F2720139C2F20006C0F261
:103C6000FF02C9B23070022962F31F201ED848F645
:103C7000F462C0F6000252F8211018E0297945F2EA
:103C8000AC6628784FF6F2720139C2F20006C0F233
:103C9000FF02C9B23070022962F31F2016D848F61D
:103CA000F462C0F6000252F8211010E0002180B248
:103CB000696203F087FB0446D0E90220711C01F021
:103CC0000DF8A068441C012011E000BF002180B263
:103CD000296203F077FB0446D0E90220711C00F052
:103CE000FDFFA068441C0120A97B0029A2D0A97D6A
:103CF00071B1A97F00296AD1E96A00290A4618BF73
:103D00000122104314D000291CBF481EE8625EE067
:103D1000A96A0A46002918BF0122024320D00029BF
:103D20001CBF0139A962A97F0029E5D04FE000BF7F
:103D3000297F45F2AC66287E4FF6F2720139C2F255
:103D40000006C0F2FF02C9B23070022962F31F20E0
:103D50001ED848F6F462C0F6000252F8211018E0AE
:103D6000297D45F2AC66287C4FF6F2720139C2F229
:103D70000006C0F2FF02C9B23070022962F31F20B0
:103D800014D848F6F462C0F6000252F821100EE092
:103D9000002180B2E96203F015FB0446D0E902205D
:103DA000711C00F09BFFA068441C10E0002180B251
:103DB000A96203F007FB0446D0E90220711C00F061
:103DC0008DFFA068441C0120A97F002994D0002CFD
:103DD00008BF70BD686B03F02DFB014606A004F020
:103DE000E1FD45F2AC60C2F20000214603F0C0FCE8
:103DF00003F01EFB686370BD5B434841524F4E5D4C
:103E00002074696D65202578000000002DE9F04FD1
:103E1000ADF2044D0C46054601A84FF48061FCF755
:103E2000BCF9032C0ED9B5F801A09AFA9AF003F068
:103E3000C9FA28B3816803310ED0A1420CD21320F5
:103E40002E2101E013202A21132403F0F9FA204641
:103E50000DF2044DBDE8F08F4668074603F088FB7D
:103E600026FA00F0C0070BD0387F98B122202E210F
:103E7000222403F0E5FA20460DF2044DBDE8F08F50
:103E800031202E21312403F0DBFA20460DF2044DBF
:103E9000BDE8F08F4FF6FD7004443946F868EF1C1A
:103EA0001FFA84F90E4639464A4600F027FFF068AB
:103EB0000DF1040B59464A4600F010FFB9F1000F0E
:103EC00008D0B9F1040F04F0030C009704D20022CB
:103ED000002022E000203EE0A9EB0C0E0022002092
:103EE000A9181BF80240CF780BEB02060B7991F86A
:103EF00005808979BC4208BF01307478B778F678BC
:103F00009C4208BF0130474508BF01308E4202F194
:103F1000040208BF01309645E2D1009FBCF1000FBA
:103F200019D01BF80230BE5CB34208BF0130BCF1AF
:103F3000010F10D0531C1BF80360FB5C9E4208BFAE
:103F40000130BCF1020F06D0911C1BF80120795CF6
:103F50008A4208BF013080B2484511D145F6AC20F5
:103F6000C2F200006E2101700321A0F801A003F04D
:103F7000FFFB002420460DF2044DBDE8F08F00BF8A
:103F800072202E21722403F05BFA20460DF2044DBC
:103F9000BDE8F08F2DE9F04F85B047780022042965
:103FA000039209D813203D21132403F049FA204637
:103FB00005B0BDE8F08F00BF3C0907F00F05621E99
:103FC0006B1E1A43042A3BD204AA0291811C0646A6
:103FD00010462A4605F1020AFCF7C6F806EB0A016C
:103FE00003A822460196FCF7BFF804982021039A03
:103FF00000BAA1EBC50B20FA0BF610BAA1EBC40175
:1040000020FA01F83046CDF80C8003F0B7F9B8B1CA
:1040100081688845C6D8D0F80490804603F0A8FA95
:1040200029FA00F0C00715D098F81C00E0B1222052
:104030003D21222403F004FA204605B0BDE8F08FAC
:1040400031203D21312403F0FBF9204605B0BDE8C5
:10405000F08F00BF33203D21332403F0F1F92046D7
:1040600005B0BDE8F08F00BF01980AEB171900EB0F
:1040700009010298A0EB0902304600F03FFE45F628
:10408000AC68C2F200087D2088F8000030BA20FA3F
:104090000BF0049008F1020004A92A4688F8017088
:1040A000FCF762F808EB0A0003A92246FCF75CF86B
:1040B0004046494603F05CFB0024204605B0BDE8BD
:1040C000F08F000080B502A004F06CFC112080BDD0
:1040D0005B434841524F4E5D2041636365737320DB
:1040E00054696D696E6720506172616D65746572A7
:1040F0002053657276696365205349443A307838B5
:1041000033205472696767657265640080B502A0E8
:1041100004F048FC112080BD5B434841524F4E5D86
:1041200020436F6D20436F6E74726F6C2053657205
:1041300076696365205349443A30783238205472A6
:1041400069676765726564002DE9F043A9B0804630
:104150002DA00D4604F026FC03F00AFA042801D035
:1041600002280BD17F2085217F2403F069F934A038
:1041700004F018FC204629B0BDE8F0834FF6FE702D
:104180002C1849F2C83098F80160C0F6000004F01D
:1041900009FCA5B20DB313A8002700F1100440F2EA
:1041A000480900BF08EB07008178B0F803008DF8DC
:1041B0004D100337ADF84E006846494622468DF84B
:1041C000A16052F8043B043940F8043BF9D113AB29
:1041D0000FCB01F0D5FAAF42E4D346F2AC20C2F2E5
:1041E0000000C52198F8012001700221427003F0FF
:1041F000BFFA49F2A0300024C0F6000004F0D2FB60
:10420000204629B0BDE8F0835B434841524F4E5DE4
:1042100020436F6E74726F6C204454432053657456
:1042200074696E67205365727669636520534944EB
:104230003A30783835205472696767657265640072
:104240005B434841524F4E5D20536572766963650A
:1042500020696E2063757272656E74207365737366
:10426000696F6E206E6F7420616C6C6F7765642E61
:104270000000000070B582B002290DD1407800F036
:104280007F04611FC9B2FB2914D82DA0214604F078
:1042900089FB122407E000BF49F2EF30C0F60000AE
:1042A00004F080FB13242046102103F0C9F82046B7
:1042B00002B070BD45B219A0214604F073FB49F26B
:1042C0002C10C0F6000000EBC401B5F1FF3F19DD72
:1042D0004D684CF6CD41CCF6CC41A5FB01125021E6
:1042E00050F83460D0088DF80210ADF806000DF1DA
:1042F000020006218DF80340ADF8046003F038FA9F
:1043000003E000BF50F834604D68204631462A462D
:1043100003F00AFA0024204602B070BD5B43484116
:10432000524F4E5D204368616E67696E672053652A
:104330007373696F6E20746F20307825782E0000BB
:104340005B434841524F4E5D2053657373696F6EF6
:10435000203078257820756E6B6E6F776E206F72C7
:1043600020696E76616C69642100000080B502A04E
:1043700004F018FB112080BD5B434841524F4E5D55
:1043800020454355205265736574205365727669E4
:104390006365205349443A3078313120547269675B
:1043A000676572656400000080B502A004F0FAFA47
:1043B000112080BD5B434841524F4E5D204C696ED9
:1043C0006B20436F6E74726F6C20536572766963F5
:1043D00065205349443A307838372054726967670A
:1043E000657265640000000080B502A004F0DAFA8E
:1043F000112080BD5B434841524F4E5D2052657392
:10440000706F6E7365204F6E204576656E74205315
:10441000657276696365205349443A3078383620AE
:1044200054726967676572656400000080B502A018
:1044300004F0B8FA112080BD5B434841524F4E5DF5
:104440002053656375726564204461746120547201
:10445000616E736D697373696F6E205365727669EF
:104460006365205349443A30783834205472696780
:10447000676572656400000080B502A004F092FADE
:10448000112080BD5B434841524F4E5D2053656310
:10449000757269747920416363657373205349446D
:1044A0003A30783237205472696767657265640004
:1044B00010B582B0022905D14178490614D01224E2
:1044C00012A004E049F2EF301324C0F6000004F01B
:1044D00069FA20463E2102F0B3FF17A004F062FA09
:1044E000204602B010BD00BF044603F037F994F92E
:1044F0000100002807D47E20ADF806000DF106006B
:10450000022103F035F90024E7E700BF5B4348418F
:10451000524F4E5D2053756266756E6374696F6E9F
:10452000206973206E6F742030783030206F7220D5
:10453000307838302E0000005B434841524F4E5DCA
:10454000205465737465722050726573656E7420B3
:1045500053657276696365205349443A3078334530
:1045600020547269676765726564000070470000D7
:104570002DE9F04F03AF81B0032907D876A004F0EE
:1045800011FA13202F21132428E000BF47F6200240
:10459000C2F2000290F801E0136890F8029049EA34
:1045A0000E22A3B11E88964220D05B697BB11E8883
:1045B00096421BD05B6953B11E88964216D05B6948
:1045C0002BB11E88964211D05B69002BEAD157A00F
:1045D000114604F0E7F931202F21312402F030FF99
:1045E0002046A7F10C04A546BDE8F08F0A46C17825
:1045F000042905D349F21340C0F60000E9E700BFE3
:1046000003290DD1DE6800F104080436B4B29442E7
:104610000BD34FF0010C07F80DCCA7F10D060CE001
:104620004FF0000804249442F3D2121B01321FFA07
:1046300082FCBCF1000F1AD006190122002516F9E0
:10464000014BB4F1FF3F42DDE4B23F2C32D81F2CC6
:1046500032D80F2C32D8072C32D8032C32D8012C68
:1046600032D89CBB0135654502F10802E7D3D96811
:10467000E8460B3121F00701ADEB0106B5466F218D
:104680003170C078D3E90351F070301D2A4686F8A6
:1046900001E086F80290FBF767FD291D304603F024
:1046A00067F80024C5462046A7F10C04A546BDE8DE
:1046B000F08F00BF01320AE0023208E0033206E068
:1046C000043204E0053202E0063200E007325C68A2
:1046D00034B3208892B2904220D1032916D8DD68E5
:1046E000DFE801F002060A0E6068C8B18047D8B161
:1046F000A068A8B18047B8B1E06888B1804798B198
:1047000022696AB140462946904768B13124204663
:10471000A7F10C04A546BDE8F08F00BFFEE700BF7F
:10472000312420462F2159E72224FAE75B434841F0
:10473000524F4E5D20436F756C64206E6F7420661F
:10474000696E642074686520494F204449442030D4
:1047500078253034780000005B434841524F4E5D6D
:1047600020556E6578706563746564206D6573733C
:10477000616765206C656E6774682E00014440F2C5
:104780005D720020914238BF01207047B0B540F201
:104790000435C2F200052C1D204603F093FE43F2BF
:1047A0005030C2F2000040F25C71FBF7F6FCFEF7FD
:1047B000D7FA2878002808BF00F064F800F068FEF7
:1047C00043F25031C2F200012046BDE8B04003F090
:1047D000DFBF000010B540F20434C2F200042078BC
:1047E000002808BF00F04EF800F052FE43F25031AE
:1047F000201DC2F2000103F0CBFF002818BF722079
:1048000010BD000043F25032C2F20002582300FBF8
:104810000320002908BF00F1500210467047000035
:1048200043F25030C2F200007047000043F25032B1
:10483000C2F20002582300FB0320002908BF00F148
:10484000500210467047000043F2503100EB401018
:10485000C2F20001084400F5DB60704743F25031BA
:1048600000EB4010C2F20001084400F5BA60704746
:1048700043F2503100EB4010C2F20001084400F254
:10488000546070472DE9F04FC3B040F20438C2F2D3
:10489000000808F104044EF20001C0F607012046AA
:1048A000022240F25C7303F03BFE43F25035C2F249
:1048B00000052046294603F017FF002840F0CC8071
:1048C000A86C4BF6EF61CDF6AD61884240F0C48034
:1048D0002889002800F0C08000200DE091F85C20BD
:1048E00002EB42122A4402F5DB625830B0F5B06F99
:1048F000C1F8A02000F0AA802918B1F86A20002A87
:1049000066D091F8542002EB42122A4402F5BA62B2
:10491000B1F86C300A67002B60D091F8552002EB9B
:1049200042122A4402F5BA62B1F86E304A67002B8F
:104930005AD091F8562002EB42122A4402F5BA628C
:10494000B1F87E308A67002B54D091F8572002EBE3
:1049500042122A4402F25462B1F88030C1F8842035
:10496000002B4ED091F8582002EB42122A4402F25A
:104970005462B1F88230C1F88820002B48D091F8F9
:10498000592002EB42122A4402F25462B1F89230EA
:10499000C1F88C20002B42D091F85A2002EB421231
:1049A0002A4402F5DB62B1F89430C1F89820EBB3E9
:1049B00091F85B2002EB42122A4402F5DB62B1F867
:1049C0009630C1F89C20002B7FF488AF36E000BF02
:1049D0000022B1F86C300A67002B9ED10022B1F89A
:1049E0006E304A67002BA4D10022B1F87E308A676E
:1049F000002BAAD10022B1F88030C1F88420002B0E
:104A0000B0D10022B1F88230C1F88820002BB6D195
:104A10000022B1F89230C1F88C20002BBCD10022CA
:104A2000B1F89430C1F89820002BC1D10022B1F820
:104A30009630C1F89C20002B7FF450AF00225830F4
:104A4000B0F5B06FC1F8A0207FF456AF012088F810
:104A5000000043B0BDE8F08F43F25030C2F20000D6
:104A600040F25C71FBF799FB012688F80060FEF7C5
:104A700077F90DF1B40909F1040528465421FBF733
:104A80008CFB40F22F10C1F200602D9040F22F10ED
:104A9000ADF8080142F62070C3F220304FF0030B4E
:104AA000002740F20152CDF8C100ADF8CEB0ADF80C
:104AB000E260ADF8F660CDE924270122C1F2402280
:104AC00009F1100069464EF6016ACDE91227482225
:104AD000CDE92A772C97CDE92277CDE92677CDE964
:104AE0002877CDE91A7ACDE91C77CDE91E77CDE993
:104AF0002077CDE91477CDE91677CDE9187750F80E
:104B0000043B043A41F8043BF9D12DAB0FCB01F043
:104B10006DF828465421FBF740FB40F22B20C1F2F0
:104B200000702D9040F22B10ADF8080142F6403095
:104B3000C3F2403040F20122CDF8C100ADF8CEB052
:104B4000ADF8E260ADF8F660CDE924270122C2F2AB
:104B5000502209F110006946CDE912274822CDE91B
:104B60002A772C97CDE92277CDE92677CDE92877EA
:104B7000CDE91A7ACDE91C77CDE91E77CDE920770A
:104B8000CDE91477CDE91677CDE9187750F8043BD5
:104B9000043A41F8043BF9D12DAB0FCB01F026F8D4
:104BA00028465421FBF7F9FA40F20130C1F2001017
:104BB0002D9040F2601040F20111C3F26030ADF868
:104BC0000811CDF8C100ADF8CEB0ADF8E260ADF897
:104BD000F660CDE924170121C3F2603109F110001C
:104BE0006A46CDE912174821CDE92A772C97CDE9FD
:104BF0002277CDE92677CDE92877CDE91A7ACDE974
:104C00001C77CDE91E77CDE92077CDE91477CDE982
:104C10001677CDE9187750F8043B043942F8043B85
:104C2000F9D12DAB0FCB00F0E1FF28465421FBF763
:104C3000B4FA4CF208102D904FF48470ADF80801CE
:104C400040F68000CDF28000022140F20132CDF822
:104C5000C100ADF8CE10ADF8E260ADF8F660CDE978
:104C6000242741F20122C0F2340209F11000694602
:104C7000CDE912274822CDE92A772C97CDE9227772
:104C8000CDE92677CDE92877CDE91A7ACDE91C77E9
:104C9000CDE91E77CDE92077CDE91477CDE91677F8
:104CA000CDE9187750F8043B043A41F8043BF9D1B8
:104CB0002DAB0FCB00F09AFF98F80000002808BF3A
:104CC000FFF7E0FD00F0E4FB43F25031C2F20001D7
:104CD000204643B0BDE8F04F03F05ABD02EB000C94
:104CE00040F25C739C4588BF704743F25033C2F278
:104CF0000003034408461946FBF736BA10B51318EB
:104D000040F25C74A3421DD843F25033C2F2000358
:104D10001844FBF729FA40F20434C2F20004207868
:104D2000002808BFFFF7AEFD00F0B2FB43F25031A0
:104D3000201DC2F2000103F02BFD002818BF7220D5
:104D4000C0B210BD3120C0B210BD000010B582B09D
:104D5000042901D2132405E041780A1F12F1030F40
:104D600008D212242046312102F06AFB204602B00C
:104D700010BD00BF01294FF03104F3D1418849BA79
:104D8000B1F57F4FEED10446FFF700FD2078617842
:104D900040F040008DF8040060888DF80510ADF8F3
:104DA000060001A8042102F0E3FC0024204602B022
:104DB00010BD0000014693280FF2EC2088BF704719
:104DC000DFE811F09400DD00DD00DD00DD00DD0036
:104DD000DD00DD00DD00DD00DD00DD00DD00DD00EB
:104DE000DD00DD0020012C0140010E01F000DD009E
:104DF000DD00DD00DD00DD00DD00DD00DD00DD00CB
:104E0000DD00DD00DD00F600D600DD00EA00B200C6
:104E1000DE00DD00DD00DD00DD00DD00DD00DD00A9
:104E2000DD00DD00DD002601DD001401DD00C40031
:104E300046014C01DD00DD00DD00DD00DD00DD00B0
:104E4000DD00DD00DD00DD00DD00DD00DD00DD007A
:104E5000DD00DD00DD00DD00DD00DD00DD00DD006A
:104E6000DD00DD00DD00DD00DD00DD00DD00DD005A
:104E7000DD00DD00DD00DD00DD00DD00DD00DD004A
:104E8000DD00DD00DD00DD00DD00DD00DD00DD003A
:104E9000DD00DD00DD00DD00DD00DD00DD00DD002A
:104EA000DD00DD005E015801AC001A01DD00DD000F
:104EB000DD00DD006401DD00DD00DD00DD00DD0082
:104EC000BE000801DD00D0003201CA00A6006A0160
:104ED000E400FC003A0102019A00B800520170019E
:104EE000DD00A4003801A200A000DC0049F2385027
:104EF000C0F60000704700BF49F2CC50C0F6000079
:104F0000704700BF71A0704774A0704780A07047C1
:104F100049F28250C0F60000704700BF49F21E50AF
:104F2000C0F60000704700BF49F68100C0F60000DF
:104F3000704700BF49F6F800C0F60000704700BF98
:104F400049F26560C0F60000704700BF49F61610D0
:104F5000C0F60000704700BF49F27250C0F6000072
:104F6000704700BF49F2E150C0F60000704700BF33
:104F700049F64F00C0F60000704700BF4FA07047D1
:104F800049F2BA60C0F60000704700BF49F2B9505C
:104F9000C0F60000704700BF49F2B570C0F60000CF
:104FA000704700BF49F29550C0F60000704700BF3F
:104FB00049F6AD00C0F60000704700BF49F6E600B4
:104FC000C0F60000704700BF49F6BF00C0F6000001
:104FD000704700BF49F24260C0F60000704700BF52
:104FE00049F61B00C0F60000704700BF49F295402B
:104FF000C0F60000704700BF49F29B70C0F6000089
:10500000704700BF49F64100C0F60000704700BF7E
:1050100049F20C50C0F60000704700BF49F2E04072
:10502000C0F60000704700BF49F60C10C0F6000043
:10503000704700BF30A0704749F2A550C0F600008D
:10504000704700BF49F2F440C0F60000704700BF4F
:1050500049F60200C0F60000704700BF49F2AA40BE
:10506000C0F60000704700BF49F2EC50C0F60000E7
:10507000704700BF49F27F40C0F60000704700BF94
:1050800049F2C640C0F60000704700BF49F24950DF
:10509000C0F60000704700BF49F6D200C0F600001D
:1050A000704700BF20A07047756E6B6E6F776E20E3
:1050B00072657475726E20636F646500566F6C74F0
:1050C000616765546F6F4C6F77000000566F6C74AA
:1050D000616765546F6F486967680000546F72714B
:1050E0007565436F6E766572746572436C75746333
:1050F000684C6F636B656400536869667465724CD5
:10510000657665724E6F74496E5061726B00000077
:105110004272616B6553776974636865734E6F742F
:10512000436C6F73656400005472616E736D6973D4
:1051300073696F6E4E6F74496E476561720000004F
:10514000A0F11001772984A088BF7047DFE811F033
:105150007800B60001010101D00001010101010147
:105160000101AA0001010101010101010101010187
:1051700001010101B000DC009E0001010101A40059
:10518000C4000101BE000101E800010190008A0095
:105190000101F40001010101CA00D600EE00E200A5
:1051A0007E0001010101010101019800FA000101E5
:1051B000840001010101010101010101010101015D
:1051C00001010101010101010101010101010101CF
:1051D00001010101010101010101010101010101BF
:1051E00001010101010101010101010101010101AF
:1051F000010101010101010101010101010101019F
:10520000010101010101010101010101010101018E
:10521000010101010101010101010101010101017E
:1052200001010101010101010101010101019600DA
:105230000101010101018800BC008600020100019A
:1052400049F21460C0F60000704700BF49F2E46004
:10525000C0F60000704700BF5FA0704748A07047CD
:1052600052A0704749F27C70C0F60000704700BF42
:1052700049F24A70C0F60000704700BF51A0704765
:1052800049F2ED70C0F60000704700BF49F260704F
:10529000C0F60000704700BF49F2CA70C0F60000B7
:1052A000704700BF49F2A760C0F60000704700BF1A
:1052B00049F23570C0F60000704700BF49F664003F
:1052C000C0F60000704700BF32A0704749F2187066
:1052D000C0F60000704700BF49F22D60C0F6000024
:1052E000704700BF49F26140C0F60000704700BF40
:1052F00049F28C60C0F60000704700BF49F271406F
:10530000C0F60000704700BF49F2D970C0F6000037
:10531000704700BF49F66D00C0F60000704700BF3F
:1053200049F2F860C0F60000704700BF49F25440EF
:10533000C0F60000704700BF49F20560C0F60000EB
:10534000704700BF49F69F00C0F60000704700BFDD
:1053500004A0704706A07047756E6B6E6F776E2065
:10536000736964004C696E6B436F6E74726F6C008E
:10537000526573706F6E73654F6E4576656E74001F
:10538000436F6E74726F6C44746353657474696EAA
:10539000670000005365637572656444617461540D
:1053A00072616E736D697373696F6E0041636365DB
:1053B000737354696D696E67506172616D65746570
:1053C000720000004E65676174697665526573709E
:1053D0006F6E736500000000506F736974697665C5
:1053E000526573706F6E73654D61736B00000000E2
:1053F00080B540F2C00EC2F2000E714611F8D03FE7
:10540000834242D04FF0140188BF06210B011EF8E1
:105410000330834204BF0EEB011080BD4FF0040344
:1054200088BF6FF00303CA1811011EF801108142F2
:1054300004BF0EEB021080BD1346172A28BF1723A6
:1054400003F1020C814288BFA2F1020C4FEA0C1159
:105450001EF80110814204BF0EEB0C1080BD05D96F
:10546000BCF1010338BF002307E000BFBCF1180FF7
:1054700028BF4FF0180C0CF1010319011EF8012090
:105480000021824208BF0EEB0311084680BD0000D8
:1054900010B500200121FFF7C9F90446002021467C
:1054A0004C2201F099F8102101F058F8A4F84C00B2
:1054B00010BD0000F0B585B046788578C4784AF212
:1054C000BA20C0F600000F4603F06CFA042F3DD15D
:1054D000280240EA06402044B0F5807F42D300F124
:1054E0007F412F3101F1D102332A3BD301F19D02DB
:1054F0009C2A37D32C2935D9B0F5700F40DB4FF6F5
:10550000CF71C0F2FF0188426ADD4FF6D071C0F260
:10551000FF01884200F0A0804FF6FE71C0F2FF014B
:10552000884200F0BB806FF07F41884240F0C2802B
:105530004AF20410C0F6000003F034FA00200127FC
:10554000CDE90000CDE90200BFE000BF1320142127
:10555000132401F075FF6AA003F024FA204605B079
:10556000F0BD00BF31201421312401F069FF4AF25F
:10557000A200C0F6000003F015FA204605B0F0BD09
:10558000B0F5300F18DAB0F5807F3FD040F2065109
:10559000C0F20401884240F08D8031201421312472
:1055A00001F04EFF4AF24910C0F6000003F0FAF98C
:1055B000204605B0F0BD00BF3ED0B0F5500F79D108
:1055C00066A003F0EFF94FF6FF700027C0F2EF007E
:1055D0000123CDE90007CDE90277C0F2D00358E0FE
:1055E000B0F5700F44D04FF63371C0F2FF0188421E
:1055F00060D14AF20D20C0F6000003F0D3F9002775
:105600000120CDE90077CDE902705EE04AF2692021
:10561000C0F6000003F0C6F94FF6FF700027C0F295
:10562000AF00CDE90007CDE9027730462946224692
:1056300040F201134DE000BF4AF29320C0F6000093
:1056400003F0B0F94FF6FF70C0F2AF00831C00F515
:105650000010002719E000BF4AF23C20C0F600000D
:1056600003F0A0F900270120CDE9007702902BE09C
:105670002CA003F097F94FF6FF70C0F2EF00831CE7
:105680004FF6FF600027C0F2FF00CDE90007CDE92B
:1056900002773046294622461BE000BF4AF2E91055
:1056A000C0F6000003F07EF900270120CDE900706C
:1056B00009E000BF4AF2E000C0F6000003F072F912
:1056C0000027CDE900770297039730462946224606
:1056D0000023049700F0ECFF46F2AE20C2F2000077
:1056E00054210170012102F043F849F67020C0F600
:1056F000000003F0EDFB0024204605B0F0BD00BF24
:105700005B434841524F4E5D20556E65787065632E
:10571000746564206D657373616765206C656E6781
:1057200074682E005B434841524F4E5D20537461B4
:1057300072742064656C6574696E67204E455457B9
:105740004F524B5F434F4D4D554E49434154494F86
:105750004E2067726F75702E000000005B43484159
:10576000524F4E5D2053746172742064656C657491
:10577000696E6720424F44592067726F75702E0022
:1057800084B0B0B582B00DF1180C8CE80F009DF814
:1057900019009DF81A109DF81B209DF86D500024EB
:1057A00000230094019401F071FB00281CBF002D20
:1057B00080F8555002B0BDE8B04004B0704700001A
:1057C000F0B581B00D46044600200121FFF72EF808
:1057D00006460FF2843003F07BFBB06C4BF6EF61B2
:1057E000CDF6AD61884218BFFDF7BAFA0020314608
:1057F0004C2200F0F1FE102100F0B0FEB6F84C1083
:1058000087B2B94240F0548060780138412800F2F4
:105810006181DFE810F04300FF00A100F100AD005E
:10582000D7001B0129016D0153019500E500C5005A
:1058300071003701450181017B015F00D1009101B9
:105840006500BB0087000D015F015F015F015F0123
:105850005F015F015F015F015F015F015F015F0148
:105860005F015F015F015F015F015F015F015F0138
:105870005F015F015F015F015F015F015F015F0128
:105880005F015F015F015F015F015F015F015F0118
:105890005F015F015F015F017D0000BF49F6F540D8
:1058A000C0F6000003F014FB204600213CE100BFDD
:1058B00026201921262401F0C3FDB6F84C1049F624
:1058C0002A20C0F600003A4603F06CF8204601B0EA
:1058D000F0BD00BF49F6B840C0F6000030E100BF9F
:1058E00049F6F070C0F6000003F0F2FAA07801B0BB
:1058F000BDE8F040FAF746BF49F62630C0F6000092
:1059000003F0E6FAFCF77AFF0024204601B0F0BD70
:10591000A0A003F0DDFA204601B0BDE8F040FDF79D
:10592000CBB800BF49F66870C0F6000003F0D0FAAB
:105930002046012101B0BDE8F040FBF77DB800BF73
:1059400049F6F220C0F6000003F0C2FAFBF720FB94
:105950000024204601B0F0BD49F61F60C0F60000EB
:1059600003F0B6FA01B0BDE8F040FAF795BF00BF0A
:1059700049F6B370C0F6000003F0AAFA20462946A3
:1059800001B0BDE8F040FBF7B3B900BF49F65F5086
:10599000C0F6000003F09CFA204600210122C4E07A
:1059A00049F6B920C0F6000003F092FAFCF754FF64
:1059B0000024204601B0F0BD4AF23000C0F60000DD
:1059C000BEE000BF49F65A60C0F6000003F080FA5E
:1059D00020460021002201B0BDE8F040FAF79CBD4E
:1059E00049F65E30C0F6000003F072FAFBF7A2FA47
:1059F0000024204601B0F0BD49F62A70C0F6000030
:105A000003F066FA2046002101B0BDE8F040FBF744
:105A100013B800BF49F62E50C0F6000003F058FA44
:105A2000A078002101B0BDE8F040FAF703BD00BF47
:105A300049F69760C0F6000003F04AFA20460021BC
:105A4000012201B0BDE8F040FAF766BD49F6F93031
:105A5000C0F6000003F03CFAA078E178FCF72CFFD8
:105A60000024204601B0F0BD49F63A40C0F60000DF
:105A700003F02EFAA078E17801B0BDE8F040FAF723
:105A800073BC00BF49F6E250C0F6000003F020FAF4
:105A9000A078012101B0BDE8F040FAF7CBBC00BF0F
:105AA00049F6E160C0F6000003F012FA2046012139
:105AB000002201B0BDE8F040FAF72EBD49F6913062
:105AC000C0F6000003F004FA01B0BDE8F040FCF7B6
:105AD00087BF00BF12201921122401F0B1FC49F642
:105AE0008F20C0F6000003F0F3F9204601B0F0BDAE
:105AF00049F6BF30C0F6000003F0EAF92046FCF793
:105B000029FF0024204601B0F0BD00BF49F67340D4
:105B1000C0F6000014E000BF49F69D50C0F600003A
:105B200003F0D6F92046012100220024FCF7E0FE14
:105B3000204601B0F0BD00BF4AF26A00C0F6000086
:105B400003F0C6F94AF22510C0F6000002F02AFF61
:105B50001224204601B0F0BD5B434841524F4E5DD8
:105B600020526561642044544320496E666F726D13
:105B70006174696F6E20536572766963652053495D
:105B8000443A3078313920547269676765726564C8
:105B90000D0000005B434841524F4E5D205375623B
:105BA00020307834323A207265706F7274575748DB
:105BB0004F424444544342794D61736B5265636F65
:105BC00072642073746172742E0D000080B5002021
:105BD0000121FEF717FE008880BD000080B500207F
:105BE0000121FEF723FE008880BD000084B02DE96E
:105BF000F04F9BB00DF1900C8CE80F0000200121BC
:105C00000024FEF713FE9DF892809DF891704FEAF4
:105C1000082242EA074340F20012CFF60072134412
:105C200002F5807293420BD231201421312401F00D
:105C300007FC4AF2A200C0F6000002F0B3FE4AE3FD
:105C400011909DF890009DF8935010909DF89D0044
:105C50009DF8A0900E909DF89E00DDF8A4B00D90E8
:105C60009DF89F00BDF8AA600C90BDF8BE009DF89D
:105C7000E5A00A90BDF8D20041460B909DF8E400E3
:105C80002A460F90384600230094019401F0FEF854
:105C9000024658B30020012109961446FEF7C6FDBE
:105CA00094F85510234601292CD181460F980028DD
:105CB00018BF83F854001099002914BF197019787F
:105CC000D9F8180020B911F0010018BFC9F8183030
:105CD000D9F81C0020B911F0080018BFC9F81C3011
:105CE000C80718BFC9F820301C46C8E006A880E8DD
:105CF00080091198CDE904A90089102804D17224E3
:105D0000E9E200BF1C46BEE0002001210392099693
:105D10000126FEF78BFD81460088B9F808108842FD
:105D20001ED109EBD00200F0070192F8303006FADC
:105D300001F1194382F830100021FEF777FDB9F820
:105D40000010DDF820C00131A9F80010B9F80810E2
:105D5000DDE90576DDE9033EDDE90C8204465EE01F
:105D6000DDF8308009F1300C4FF0FF3109EB010311
:105D700093F83120FF2A0DD193F83220FF2A0BD15E
:105D800093F83320FF2A09D193F834200431FF2AF5
:105D9000ECD004E0013102E0023100E0033102F016
:105DA0000F030F2B0AD102F03003302B12D1530610
:105DB0004FF0070358BF062314E000BF02F00303AF
:105DC000032B0DD102F007000223072808BF03238D
:105DD00008E000BFD3064FF0050358BF042301E0DD
:105DE00002F001030120984010430CF8010043EA3F
:105DF000C10080B20021FEF719FDB9F80020B9F802
:105E0000081004468A4202BF501CA9F8000011463F
:105E10000D9ADDF820C0DDE90576DDE9033E481C7A
:105E2000A9F8080007981099A0700E982170607367
:105E30000020207684F82C0084F840000F986670CB
:105E4000E57084F80F80A2732774C4F814C084F836
:105E5000540084F855E0D9F8180020B911F0010079
:105E600018BFC9F81840D9F81C0020B911F0080073
:105E700018BFC9F81C40C80718BFC9F82040080758
:105E800048BFC9F82440DDF8E880439AB3FA83F0AC
:105E90005FEA08614FEA501000F0A9801199498922
:105EA000042900F0A4803BAFE1CFDDE9411CDDE92E
:105EB0003F32CDE9128014A8E0C0199100200121E1
:105EC000CDE917328DF868C04FF00009A346FEF700
:105ED000ADFCA2465AF8201F51B1616A31B1A16AE6
:105EE000002940F082804FF0020901E04FF00109E3
:105EF000418D002979D000F1370CC1F1000E4D1E03
:105F00000022871897F83730FF2B1CD195426CD0B0
:105F100097F83830FF2B11D10EEB0206B31C64D07A
:105F200097F83930FF2B0BD1F31C5ED097F83A303D
:105F3000FF2B07D104329142E3D156E0013202E057
:105F4000023200E0033203F00F0105460F2909D1A8
:105F500003F03000302811D158064FF0070058BF29
:105F6000062013E003F0030003280DD103F007011E
:105F70000220072908BF032008E000BFD8064FF021
:105F8000050058BF042001E003F00100012140EAB0
:105F9000C2068140B4B2194320460CF80210FEF745
:105FA0005DFC099F4AF829000BEB49009BF818108B
:105FB00047830BEB09000671481C8BF8180020463C
:105FC000FEF74CFC80F800802FB112A9013001319E
:105FD0003A46FAF7C9F8698868895C46814200F157
:105FE000010004BF013169806881439A0120DDF816
:105FF0003091110600F0AB8011998989042900F0D5
:10600000A68044AFE1CFDDE94831DDE94AECCDE9D6
:10601000122014A8E0C0CDE9173100200121CDF8ED
:1060200064E08DF868C04FF00008A346FEF7FEFB61
:10603000A2465AF8341F59B1A16B39B1E16B00295E
:1060400040F084804FF0020802E000BF4FF00108EA
:10605000818D00297AD000F13C0CC1F1000E4F1E59
:106060000022851895F83C30FF2B1CD197426DD04B
:1060700095F83D30FF2B11D10EEB0206B31C65D015
:1060800095F83E30FF2B0BD1F31C5FD095F83F30D5
:10609000FF2B07D104329142E3D157E0013202E0F5
:1060A000023200E0033203F00F010A9F0F29054678
:1060B0000AD103F03000302812D158064FF0070003
:1060C00058BF062014E000BF03F0030003280DD1E1
:1060D00003F007010220072908BF032008E000BFE2
:1060E000D8064FF0050058BF042001E003F001007E
:1060F000012140EAC2068140B4B2194320460CF89F
:106100000210FEF7B5FB4AF828000BEB48009BF89D
:106110002C10C7850BEB0800C671481C8BF82C00AF
:106120002046FEF7A5FB439901702FB112A901305B
:1061300001313A46FAF718F8A988A8895C468142E5
:1061400000F1010004BF0131A980A88101205FEAAC
:10615000096103D01199C989042903D1002840F0AD
:10616000A880B5E04DAFE1CFDDE9531CDDE9513248
:10617000CDE9129014A8E0C0199100200121CDE9C9
:1061800017328DF868C04FF0000AA346FEF74EFBA9
:10619000A04658F8481F59B1E16C224631B1116D43
:1061A000002940F086804FF0020A01E04FF0010A1A
:1061B000C48D002C00F07D8000F1410C6142671E0F
:1061C0000022851895F84130FF2B1CD1974270D0E2
:1061D00095F84230FF2B11D18E18B31C69D095F879
:1061E0004330FF2B0CD1F31C63D095F84430FF2BC8
:1061F00008D104329442E4D15BE000BF013202E0F6
:10620000023200E0033203F00F0105460F2909D1E5
:1062100003F03000302811D158064FF0070058BF66
:10622000062013E003F0030003280DD103F007015B
:106230000220072908BF032008E000BFD8064FF05E
:10624000050058BF042001E003F00100012140EAED
:10625000C2068140B4B2194320460CF80210FEF782
:10626000F3FA0B9A48F82A000BEB4A009BF840100F
:10627000A0F842200BEB0A008672481C8BF8400005
:1062800020461646FEF7E0FA80F800902EB112A9DB
:10629000013001313246F9F767FFE988E889A846FD
:1062A000814200F1010004BF0131A8F80610A8F8EE
:1062B0000E0000200121FEF7B9FA04460020214615
:1062C0004C2200F089F9102100F048F9A4F84C00A4
:1062D000FEF780FA002420461BB0BDE8F04F04B062
:1062E000704700000A460146012001F05FBF000030
:1062F00080B51120382101F0A3F8112080BD0000E5
:1063000010B582B0012905D949F2EF301324C0F647
:1063100000000AE040F22030C2F20000816869B15A
:106320004AF2FB202424C0F6000002F03BFB20468A
:10633000372101F085F8204602B010BD017889B1FF
:106340000024C0E90144048015A002F02BFB772053
:106350008DF807000DF10700012101F009FA204630
:1063600002B010BD242401A0DFE700BF5B43484119
:10637000524F4E5D204E6F207472616E736665726F
:10638000206F6E676F696E672C2063616E6E6F742D
:106390002065786974207472616E736665722E0070
:1063A0005B434841524F4E5D2045786974696E6782
:1063B000207472616E73666572206D6F64652E0065
:1063C0000A460146022001F0F1BE00002DE9F04727
:1063D000ADF5805DB1F5805F0AD34AF2D030C0F6EA
:1063E000000040F6FF7102F0DDFA132433E000BF35
:1063F00040F22037C2F200073E784EB1BB688D1ED6
:10640000AB420DD247A002F0CDFA712423E000BFC9
:106410004AF24640C0F6000002F0C4FA24241AE012
:1064200041787A7891420FD1012E1DD17A680646C3
:10643000811C10462A46FEF761FCC8B304462AA018
:1064400002F0B0FA07E000BF4AF23E30C0F60000AA
:1064500002F0A8FA73242046362100F0F1FF20460E
:106460000DF5805DBDE8F08740F6FD7140F6FF74E4
:106470008B4238BF9C1C7A680DF10108A61E08F1FA
:106480000201054610463246FEF728FC7868B968D6
:1064900030447860881B7978B860481C78706978D7
:1064A00076208DF801008DF802104046214613E059
:1064B0007868B96828447860481B7978B860481CC7
:1064C00078703078717840F040008DF801008DF8D8
:1064D00002100DF10100022101F04AF900242046CA
:1064E0000DF5805DBDE8F0875B434841524F4E5D3E
:1064F000204E564D20647269766572207265706F09
:1065000072746564206572726F72207768696C6559
:106510002077726974696E6720746F20666C61738E
:10652000682E00005B434841524F4E5D20546F6F10
:10653000206D7563682064617461207265636569AC
:10654000766564210000000040F22030C2F20000B5
:1065500000210180C0E901117047000002460229B4
:1065600000F0010037D34B1E0239032903F0030C5E
:1065700002D2134619E000BFB0B523F003014FF07B
:10658000080E02240EEA820545EA001002F0040516
:10659000284404EA920513092844C2F30012104467
:1065A00004391A46EED1BDE8B040BCF1000F08BF77
:1065B0007047C3F34001BCF1010F41EA40000AD02B
:1065C000C3F3800141EA4000BCF1020F1CBFC3F3DA
:1065D000C00141EA40007047002A66D070B5013919
:1065E00048F2050E4FF0010C11F9013FC0F3C03421
:1065F000DD074FEA400518BF84F00104002C18BFE6
:106600008EEA4005A8B28CEAD0349E0758BFC40B6E
:106610006800002C18BF8EEA450084B28CEAD4359D
:106620005E0758BFE50B4400002D18BF8EEA4004FA
:10663000A0B28CEAD0351E0758BFC50B6000002DF4
:1066400018BF8EEA440084B28CEAD435DE0658BF07
:10665000E50B4400002D18BF8EEA4004A0B28CEA7E
:10666000D0359E0658BFC50B6000002D18BF8EEABE
:10667000440084B28CEAD4355E0658BFE50B440072
:10668000002D18BF8EEA4004A0B2C50B002BA2F16A
:10669000010248BF8CEAD0356000002D18BF8EEA99
:1066A0004400002AA0D1BDE8704080B270470000CD
:1066B0002DE9F04F8DB0CDE906121A9EDDE918588C
:1066C000DDE916748246002000219B46FEF7AEF8F5
:1066D0000B9000200121FEF7A9F80C90B0F8009073
:1066E0000020FEF7BBF80A900020FEF7C1F80990E1
:1066F0000020FEF7A9F8BBF1000F08900596CDE940
:10670000035408BF002C3AD1CDBBB8F1000F36D1ED
:10671000AEBBDDE90632B9F1000F2BD00C98002595
:10672000303002900B98099C461C04E00135A945C5
:1067300006F158061ED030785045F7D1707898424F
:10674000F4D1B0789042F1D10299E808085C05F0E4
:106750000701C840C007E9D00C9ADDE90A31BC4600
:10676000089FA8B2CDE90047674600F093F8DDE93D
:106770000632DBE7FEF78CFEDDE90354059EBBF134
:10678000000F34D0B9F1000F2CD00C98089D00F107
:10679000300A0B980024461C05E000BF0134A145D7
:1067A00006F158061ED071783078B278090241EAB5
:1067B000004010445845F1D3B842EFD8E0081AF829
:1067C000000004F00701C840C007E7D00C9ADDE9DB
:1067D0000A31BC46099FA0B2CDE90075674600F0BA
:1067E00059F8DBE7FEF754FE059EDDE90354002C63
:1067F00008BF002D36D0B8F1000F18BF4FF0330896
:10680000002D18BF4FF0D008002CB24618BF4FF033
:10681000FE08B9F1000F21D00C98DDE9084700F11E
:10682000300B0B98002600F1100502E00136B1454F
:1068300014D015F8580B8045F8D1F0081BF800006B
:1068400006F00701C840C007F0D00C9ADDE90A3114
:10685000B0B2CDE9007400F01DF8E7E7FEF718FECE
:10686000564602E0B8F1000FC5D1002E04BF0DB0AE
:10687000BDE8F08F0C9C50212046F9F78EFC4BF6BA
:10688000EF60CDF6AD60A0640DB0BDE8F04FFEF74F
:10689000FFBD00002DE9F041582700FB071147F626
:1068A0001F4E0F7E48F2E13CCCF2F01EC3F60F6C97
:1068B00017B301F1200403FB0EF300254FF001088C
:1068C00003E000BF0135BD4216D254F8256006FB37
:1068D0000C36042EF6D2F6B292F8377008FA06F6A5
:1068E00027EA060682F837605689578A013E5681A4
:1068F0007E1C0F7E5682E5E791F82C7027B3069C2C
:1069000001F1340304FB0EF400254FF0010802E00E
:106910000135BD4218D253F8256006FB0C46042E03
:10692000F6D2F6B292F83C7008FA06F627EA0606A6
:1069300082F83C609689978A013E96817E1C91F888
:106940002C709682E4E700BF91F8407027B3079C53
:1069500001F1480304FB0EF400254FF0010E02E0A4
:106960000135BD4218D253F8256006FB0C46042EB3
:10697000F6D2F6B292F841700EFA06F627EA06064B
:1069800082F84160D689D78A013ED6817E1C91F873
:106990004070D682E4E700BF536A8B4204BF0023F5
:1069A0005362136A8B4204BF00231362D3698B4284
:1069B00004BF0123D36193698B4204BF012191611C
:1069C00000F0070102EBD000012390F8307003FAC9
:1069D00001F127EA0101138980F83010118A581E4D
:1069E0001081481C1082BDE8F0810000F0B581B034
:1069F0000C460546002000210026FDF717FF07463C
:106A000000200121FDF712FF018811B3B0F808C082
:106A100000F1300E07F10D030027002605E000BF4E
:106A20000137B94203F1580313D05A782242F7D004
:106A30001A782A42F4D0C7F3C7021EF8022007F0E2
:106A4000070022FA00F0C007EAD001366645E7D118
:106A50006646304601B0F0BD2DE9F0411646884645
:106A600004465AB11F46FDF7DBFE05463846FFF7E0
:106A7000B5F80027864670B92FE000BF002000213E
:106A8000B8F1000F1CD00027FDF7BCFE0546FFF74C
:106A90009DF8864608B3B8F1000F08BF002E21D03C
:106AA0000023002203E000BF0133834237D215F8F0
:106AB000587B2742F8D0013297B2BE45F4D12EE080
:106AC000FDF7B4FE054600200121FDF7AFFE0746A5
:106AD0000088B7F808E00028DDD1002290B2BDE8B8
:106AE000F08100BF07F1300C00270026002204E0EF
:106AF0000136864207F1010711D215F8583B2342AF
:106B0000F6D0C7F3C7031CF8033007F0070123FAD8
:106B100001F1C90718BF013291B28E45E8D190B298
:106B2000BDE8F0812DE9F0478946064600200021A6
:106B300090460025FDF77AFE0446002001214FF023
:106B4000010AFDF773FE0188B9B309F1010200F1F2
:106B5000300C0023254604E00133994205F1580525
:106B60002AD0A87A03F00707C3F3C704B0420AFA91
:106B700007F708BFB2F1010212D0E87AB04208BFAD
:106B8000B2F1010212D0287BB04208BFB2F101027B
:106B9000E2D11CF80400074218D10022DCE700BF54
:106BA0001CF8040000220742E7D00AE01CF80400A9
:106BB000074205D10022E6E700252846BDE8F08718
:106BC0000122B8F1000F05D1F7E700BF0222B8F1AA
:106BD000000FF2D02846C8F80020BDE8F08700007A
:106BE0002DE9F0470446002000210026FDF71EFE97
:106BF000804600200121FDF719FE0188002900F0E0
:106C0000868000F1300A042901F0030C80F08280B4
:106C100000220026BCF1000F79D0582002FB00872B
:106C200002F00700BB7AC2F3C701A3424FF0010391
:106C300003FA00F304D11AF80100034218BF013629
:106C4000F87AA04204D11AF80100034218BF0136B5
:106C5000582002FB0080007BA04204D11AF80100FA
:106C6000034218BF0136BCF1010F50D0511C58200F
:106C700001FB008501F00700AF7AC1F3C703A7420B
:106C80004FF0010707FA00F704D11AF80300074292
:106C900018BF0136E87AA04204D11AF8030007426F
:106CA00018BF0136582001FB0080007BA04204D1B0
:106CB0001AF80300074218BF0136BCF1020F26D0B4
:106CC000911C582001FB008701F00700BB7AC1F33B
:106CD000C702A3424FF0010303FA00F304D11AF8EC
:106CE0000200034218BF0136F87AA04204D11AF814
:106CF0000200034218BF0136582001FB0080007BD0
:106D0000A04204D11AF80200034218BF0136F0B2C3
:106D1000BDE8F08789084FF4B07201FB02FE002144
:106D20004FF001090022002607E000BF01F5B07115
:106D30008E4502F104023FF46DAF08EB0103987A2F
:106D400002F00405C2F3C707A04209FA05F549D0CD
:106D5000D87AA0424ED0187BA04204D11AF807007E
:106D6000054218BF0136501C93F8625000F0050030
:106D7000A54209FA00F547D093F86300A0424CD031
:106D800093F86400A04204D11AF80700054218BF26
:106D90000136901C93F8BA5000F00600A54209FA9B
:106DA00000F545D093F8BB00A0424AD093F8BC0050
:106DB000A04204D11AF80700054218BF0136D01CC2
:106DC00093F8125100F00700A54209FA00F543D0EC
:106DD00093F81301A04248D093F81401A042A5D122
:106DE0004DE000BF1AF80700054218BF0136D87AF7
:106DF000A042B0D11AF80700054218BF0136187B2F
:106E0000A042ABD0AFE700BF1AF80700054218BF99
:106E1000013693F86300A042B2D11AF80700054288
:106E200018BF013693F86400A042ADD0B1E700BFAF
:106E30001AF80700054218BF013693F8BB00A042BC
:106E4000B4D11AF80700054218BF013693F8BC0008
:106E5000A042AFD0B3E700BF1AF80700054218BF41
:106E6000013693F81301A042B6D11AF80700054283
:106E700018BF013693F81401A0427FF457AF1AF8F7
:106E80000700054218BF013650E700002DE9F04722
:106E9000DDF820A0984614460D46BAF1000F0646CC
:106EA0000CD0DDF82490FDF7BBFC07464846FEF702
:106EB00095FE4FF00009C8B94CE000BF002000214A
:106EC000B8F1000F08D04FF00009FDF79BFC074612
:106ED000FEF77CFE50B93DE0FDF7A8FC0746002018
:106EE0000121FDF7A3FC8146008898B3B8F1000F9B
:106EF00008BFBAF1000F07D109F1300C002214E0ED
:106F0000013807F1580725D07978B142F8D1B9781E
:106F1000A942F5D1F978A142F2D13846BDE8F0870F
:106F20000132904207F1580714D07B78B342F7D171
:106F3000BB78AB42F4D1FB78A342F1D1C2F3C703D3
:106F40001CF8033002F0070123FA01F1C907E7D06A
:106F5000E3E700BF00273846BDE8F0872DE9F0439E
:106F600081B00446002000210026FDF75FFC814629
:106F7000002001214FF00108FDF758FCB0F800E0B7
:106F8000BEF1000F26D0303000224FF0580C4B4697
:106F900005E000BF0132964503F158031ED0D979B0
:106FA00002FB0C9602F00705C2F3C707A14208FADC
:106FB00005F502D1C15D0D420CD1197AA14202D171
:106FC000C15D0D4206D1597AA142E3D1C15D0D42A6
:106FD000E0D01E46304601B0BDE8F08300263046C2
:106FE00001B0BDE8F08300002DE9F04381B00C460C
:106FF00081464FF000004FF000014FF00007CAB18A
:10700000FDF700FC0646FEF7E1FD01465822002090
:107010007B1C9DB2A9423BD3BFB207FB02F5755D55
:1070200015EA09051CBF07FB0260013C27041F4647
:10703000EED129E0FDF7FAFB0646002001214FF0D2
:107040000108FDF7F3FB84463CF8302B4FF0580E57
:10705000002000BFB9B201FB0EF5755D15EA090FFE
:107060000CD0C1F3C70301F007051CF8033008FA80
:1070700005F52B401CBF01FB0E60013C0137B9B286
:107080008A4205D32104E5D101B0BDE8F08300BFF9
:10709000002001B0BDE8F0832DE9F04FADF21C4DAA
:1070A000054600200021FDF7C1FB029000200121D0
:1070B000FDF7BCFBB0F804E0018840F25952BEF184
:1070C000000FADF81C2000F0C780002900F0D4802C
:1070D00030300390582048435838022100274FF0A1
:1070E000000A4FF000090190CDF800E0029800EB93
:1070F0000708B8F82E20881D8618B6F5806F00F2B4
:10710000B1800AF007030124CAF3C7059C4008F1C7
:10711000010301F1010B01F1040C0693CDE90445D3
:107120006AB3039B5B5D1C421CD098F8073007AD27
:10713000069C6B542388294425F80B30A37805EB73
:107140000B04A37098F85430284405F80C30D8F894
:10715000343013F8014B4C711946F9F705F8DDF896
:1071600000E0314609F101095FFA89F0864567D0F0
:10717000DDE9044501F1010B01F1040C881DB8F8AB
:1071800030208618B6F5806F6CD86AB3039B5B5DC0
:107190001C421CD098F8083007AD069C6B5423881D
:1071A000294425F80B30A37805EB0B04A37098F85D
:1071B0005430284405F80C30D8F8383013F8014B17
:1071C0004C711946F8F7D0FFDDF800E0314609F1BF
:1071D00001095FFA89F0864532D0DDE9044501F105
:1071E000010B01F1040C881DB8F832208618B6F5A1
:1071F000806F37D812B3039B5B5D1C421CD098F89C
:10720000093007AD069C6B542388294425F80B30C0
:10721000A37805EB0B04A37098F85430284405F8C4
:107220000C30D8F83C3013F8014B4C711946F8F784
:107230009BFFDDF800E0314609F101095FFA89F0B2
:1072400086451AD001980AF1010AB84207F1580799
:107250007FF44CAF11E000BFA87803218DF81E0029
:107260000BE000BF1420192100F0EAF814200DF201
:107270001C4DBDE8F08F00BF022107A800F078FA8E
:1072800000200DF21C4DBDE8F08F00002DE9F04705
:107290008A46814600200021571C4FF00008FDF768
:1072A000C5FA064600200121FDF7C0FA30F8302B60
:1072B0004FF0580E00214FF0000C00BF8DB205FBBF
:1072C0000E639C7B14EA0A0F10D05C7B14EA090F52
:1072D0000CD0C5F3C704045D05F00705EC40E407D6
:1072E00004D0BFB2013F9C4638BF474601318BB244
:1072F0009A4205D33B04E1D16046BDE8F08700BF68
:107300000020BDE8F08700002DE9F041054600208F
:1073100000214FF00008FDF789FA04460020012102
:10732000FDF784FA4288691C00F1300E4FF0580CCA
:1073300000260020B5B205FB0C473B7E013B022B2B
:107340000DD8C5F3C7031EF8033005F00705EB4061
:10735000DB0704D088B2411E384638BF41460136AB
:10736000B3B29A4204D30B0408BFBDE8F081E1E751
:107370000020BDE8F0810000FF20704780B540F29A
:107380002002C2F20002D168D36A81421146D2F8CB
:107390004CC0D2F86CE018BF0021834208BF02F154
:1073A0002001844508BF02F14001D2F88C308645A7
:1073B00008BF02F16001834208BF02F18001084664
:1073C00080BD000010B540F22001C2F200010A8821
:1073D0000B4633F820CF82428E460C4618BF4FF042
:1073E000000E844534F840CF0A4618BF73468445E2
:1073F00032F860CF18BF1C4631F8803F844518BF73
:107400002246834218BF1146084610BD70B5144687
:107410000D46064600F072F9FDF7A8F8FFF794F85C
:10742000304629462246BDE8704000F0A7B800006B
:10743000F9F7DCBD10B50446F9F7D8FD001B10BD07
:1074400070B582B00C460546FDF7B4FC06462046F2
:10745000FDF776FE03460AA031462A46009401F065
:10746000A1FA7F208DF805000DF1050003218DF8AC
:1074700006408DF8075000F07BF902B070BD00BFE8
:107480005B434841524F4E5D2053656E64696E67A1
:10749000206572726F72206D657373616765202558
:1074A000732028307825782920666F72205349444C
:1074B000202573202830782578290000B0B540F2C7
:1074C0001005C2F20005287840F22C340128C2F2DF
:1074D00000040BD0E068FFF7ADFF41F2883188422D
:1074E00004D315A001F05EFA07202870606858B137
:1074F000A068FFF79FFF217861B1A96888420ED28A
:10750000BDE8B040FCF782BB00202070BDE8B04071
:10751000FCF77CBB69688842F2D301202070606868
:1075200001787820FFF78CFFFFF782FFA060BDE8AD
:10753000B040FCF76BBB00BF5B434841524F4E5D10
:107540002053657373696F6E2074696D6564206F75
:1075500075742C2061637469766174696E67206448
:10756000656661756C742073657373696F6E2E0048
:1075700040F21000C2F200000078704740F22C3355
:10758000C2F20003103307C370470000F0B581B0AA
:1075900040F22C37C2F2000747F648057A69C2F27A
:1075A0000005284640F6FF719047012858DB064643
:1075B0002878FDF71DFF297804460846FDF7C0FD31
:1075C00002462EA0314601F0EDF9786860B12078CE
:1075D0003E280AD035A001F0E5F92178212001B03C
:1075E000BDE8F040FFF72CBF04B340F21000C2F238
:1075F00000000078616821FA00F0C0070CD0A26892
:1076000047F64800C2F200003146904711280DD0DD
:1076100078281BD07F2825D149F6B510C0F6000088
:1076200001F0C0F921787F2008E000BF49F66C1016
:10763000C0F6000001F0B6F929781120FFF700FF2D
:10764000FFF7F6FEF86001B0F0BD00BF49F6FA1092
:10765000C0F6000001F0A6F97C60FFF7E9FEB86013
:1076600001B0F0BDFDF7A6FB01461CA001F09AF9A0
:10767000FFF7DEFEF86001B0F0BD00BF5B4348419C
:10768000524F4E5D204D657373616765207265636F
:1076900065697665642C206C656E6774683A202590
:1076A00069205349443A2025730000005B43484158
:1076B000524F4E5D20536572766572206973206269
:1076C0007573792C2072657475726E696E672065AA
:1076D00072726F7220636F64652E00005B434841D5
:1076E000524F4E5D205365727669636520726574F2
:1076F00075726E65642025732E00000040F2100044
:10770000C2F200000121017040F22C31C2F20001EE
:1077100000220A70C1E90122CA60322141F2883296
:10772000C0E901127047000070B50446012803D17A
:1077300041F28835322608E015460E46FFF778FEFE
:1077400040F22C31C2F20001C86040F21000C2F2D7
:107750000000C0E90165047070BD000080B5FFF74E
:1077600067FE40F22C31C2F20001C86080BD00000B
:10777000F0B581B040F22C37C2F200077A680446B7
:1077800002B32078127800F0BF05954234D126A0CC
:107790000D4601F007F940F6FF76B54238BF2E4698
:1077A00048F64805C2F20005284621463246F8F759
:1077B000DBFCBA692846314690470020786001B06A
:1077C000F0BD00BF24A00D4601F0ECF840F6FF76B6
:1077D000B54238BF2E4648F64805C2F20005284695
:1077E00021463246F8F7C0FCBA692846314601B056
:1077F000BDE8F040104700BF2846FDF7A1FC7968BE
:10780000044609780846FDF79BFC796803460F7823
:1078100049F62110C0F6000021462A46009701F0E3
:10782000C1F801B0F0BD00BF5B434841524F4E5D0F
:107830002053656E64696E672070656E64696E675B
:1078400020726573706F6E73652C206C656E677443
:10785000682025690D0A00005B434841524F4E5D88
:107860002053656E64696E672073796E6368726F0A
:107870006E6F757320726573706F6E73652C206CFC
:10788000656E6774682025690D0A000080B5FFF7F2
:107890007DFEFFF713FEFFF76BFE072818BF80BDC4
:1078A000FFF72CFFFCF762FEBDE88040FEF74CBE00
:1078B00080B582B0019047F2D870C2F2000001A9F1
:1078C00001224FF6FF73FAF73BFE019802B080BD2C
:1078D0002DE9F04381B00E460746DDE908980430F3
:1078E0005C211C461546F8F758FC08203E60C7E9A5
:1078F0000254C7E91098387187F83C0001B0BDE820
:10790000F08300002DE9F04184B01546093A12F1E8
:10791000070F03D204B0BDE8F08100BF6E460446F5
:1079200030462A46F8F720FC7019C5F10801F8F72F
:1079300034FC9DF8007038090328EBD8DFE800F02C
:1079400002481A3C94F85C000021012808BF6FF03F
:10795000050117F00F07A16503D0681EB84280F03B
:10796000858049F2E020C0F6000004B0BDE8F04197
:1079700000F0A2BB94F85C0001283DD194F85000BF
:1079800007F00F01884240F0818094F83C00471EC8
:107990000828D4E9121038BF0727091AB94238BF9E
:1079A0000F46691E8F4240F29D80A3A004B0BDE83F
:1079B000F04100F081BB00BF94F834000128A9D148
:1079C000022D6DD894A004B0BDE8F04100F074BB66
:1079D00094F85C000021012808BF6FF00501072D15
:1079E000A1650FD849F29A20C0F6000004B0BDE8A6
:1079F000F04100F061BB00BF6FF00500A06504B06E
:107A0000BDE8F0819DF8010007F00F0150EA012068
:107A10006FF001010746DDF8022004BF6FF0050199
:107A200017BA072F50D9626C974240F28F8049F203
:107A30003430C0F6000000F03FFB6FF00700A06597
:107A40000021206884F85C100391322102916FF0CC
:107A500033018DF80F104FF0CC31CDF80B1002A987
:107A6000082200F033FB04B0BDE8F081606CB8423E
:107A700030D249F2FF20C0F6000000F01DFB6FF08D
:107A80000700A06504B0BDE8F08100BF6FF00300FF
:107A9000A065002084F85C0004B0BDE8F08100BF60
:107AA00000F00CFB00F5C03000F5D46117F00F00BA
:107AB000E16200F08F8001287AD002287FF42AAF9B
:107AC0006FF007007FE000BF63A004B0BDE8F041A5
:107AD00000F0F2BA206C711C3A46F8F745FBC4E995
:107AE00012772DE0216C3A460844711CF8F73CFBF4
:107AF000E06C94F850103844E064481CC1B20F297F
:107B000088BF002084F8500000F0D8FAD4E912129F
:107B100000F5C03000F5D4608A42606510D294F858
:107B200051000138010684F851007FF4F3AE0820BB
:107B300084F851002068002103914FF4036185E728
:107B4000022084F85C0004B0BDE8F08101EB050878
:107B50000221002808BF0621206C31444246F8F774
:107B600003FB002140F6010003914FF40361A4F8E8
:107B70005000012002916FF0330184F85C0020680E
:107B80008DF80F104FF0CC31CDF80B1002A9082260
:107B9000C4E9127884F83C5000F098FA00F08EFAAC
:107BA00000F5C03000F5D460606504B0BDE8F08138
:107BB00094F824000130C1B2022984F82400FFF4B3
:107BC000A9AE6FF006002063022084F8340004B0F0
:107BD000BDE8F0819DF801209DF80200002A41B225
:107BE00008BF4FF6FF720029E26103D44FF47A71A7
:107BF00048430AE00F31C9B2082905D86421484337
:107C000045F6C051401A00E000202062002084F8B0
:107C1000240004B0BDE8F081466C6F7720636F6E7E
:107C200074726F6C206672616D6520746F6F207363
:107C3000686F72742E000000436F6E736563757415
:107C4000697665206672616D6520746F6F20736858
:107C50006F72742E0000000053686F756C64206EA4
:107C60006F7420757365206D756C7469706C652018
:107C70006672616D65207472616E736D697373698C
:107C80006F6E2E00F0B583B0044690F834000128E2
:107C900065D1E069002857D0206A20B1A56A00F0BC
:107CA0000DFA854250DA0020019020692021072832
:107CB000009167D9217E022262F31F118DF8001016
:107CC0006169A268471A3D466E46072F28BF0725FF
:107CD000701C11442A46F8F747FA062F06D8701987
:107CE000013085F00701CC22F8F750FA2068694688
:107CF000082200F0EBF918B1083025D0022021E06D
:107D00006069217E284401316061C8B20F2888BFB4
:107D10000021E0694FF6FF72904221761CBF0138C6
:107D2000E06100F0CBF900F5C03000F5D460E0620E
:107D300000F0C4F9216AD4E9042308449342A06204
:107D400002D3002084F83400E56A00F0B7F98542D8
:107D500005DA6FF001002063022084F8340094F803
:107D60005C0001280BD1656D4DB100F0A7F985428B
:107D700005DA6FF00200A065002084F85C0003B013
:107D8000F0BD00BF49F2923102A0C0F60001F72217
:107D9000FAF738FF6C696E6B2D3E73656E645F7326
:107DA000697A65203E2049534F54505F53465F4DDA
:107DB00041585F5041594C4F41442869736F74706A
:107DC0005F74785F646C286C696E6B292900000011
:107DD00070B51C4690F85C30022B1CBF6FF004009D
:107DE00070BD036C856C064608461946954238BF3F
:107DF0002A461546F8F7B8F90020256086F85C0099
:107E000070BD000013460A46016800F001B800008A
:107E10002DE9F041A2B018B30446C06898422BD2B5
:107E200049F23B20C0F600001D4600F045F902AEC5
:107E300030468021F8F7B1F9E76861A23046802129
:107E40002B46009700F0BEFD812880F2938002A8A7
:107E500000F032F96FF0020022B0BDE8F08100BFFF
:107E600049F28C20C0F6000000F026F94FF0FF30F8
:107E700022B0BDE8F08100BF94F83400012807D19A
:107E800042A000F019F96FF0010022B0BDE8F081C6
:107E9000A0680D46002711461A46C4E90437F8F7D2
:107EA00063F92669072E13D9B7EB163F039702979C
:107EB0002ED1102040EA1620A1688DF809608DF8B7
:107EC000080008680626CDF80A00888829E000BF67
:107ED0000DF10808A16808F101003246CDE90277EA
:107EE000F7B28DF80860F8F73FF9062F07D808EBCE
:107EF0000600013086F00701CC22F8F747F902A905
:107F00002846082200F0E2F822B0BDE8F08100BF68
:107F10001020ADF8080030BAA168CDF80A00088832
:107F20000226ADF80E0002A92846082200F0CEF87D
:107F300020B10121217622B0BDE8F08160690125E0
:107F40003044606100202576C4E9070084F82400ED
:107F500000F0B4F8A06200F0B1F8014601F5C031BC
:107F6000002001F5D461C4E90B1084F8345022B02C
:107F7000BDE8F08149F2693049F29231C0F6000063
:107F8000C0F600014FF4F072FAF73CFE41626F72E6
:107F9000742070726576696F7573206D6573736197
:107FA00067652C207472616E736D697373696F6E8F
:107FB00020696E2070726F67726573732E0A0000FD
:107FC000417474656D7074656420746F2073656EA0
:107FD000642025752062797465733B206D6178207B
:107FE00073697A65206973202575210A00000000F5
:107FF00080B582B040F26020C2F20000002147F25A
:10800000B03E47F2B05201704170416081604FF460
:10801000007CC2F2000E0C30C2F200024FF4FD618F
:108020004FF40073CDE900ECFFF752FC02B080BDC5
:108030002DE9F04F83B040F26027C2F200077C7850
:108040003878844206D107F10C00FFF71BFE03B01D
:10805000BDE8F08F47F2B02BC2F2000B0DF1040A1D
:1080600007F10C0840F2DF7909E000BF40465146B5
:108070003246FFF747FC7C7838788442E3D0E0B2A0
:108080000BEB00110E7900015BF8005005315046F2
:108090003246F8F769F8601C00F00F00B5F5FC6F88
:1080A000BFF35F8F7870E1D04D45E4D19DF80400B7
:1080B0000F28DBD9DFE700007047000080B5F8F734
:1080C00095FF4FF47A71484380BD000080B5F8F702
:1080D00025F9002080BD000090B0F9F7BBFD002419
:1080E0000120CDE90B44CDE9094406900A904FF4F4
:1080F000E0104FF4803102250F9006A8CDE9071457
:10810000CDE90D51F9F754FF20B1EFF3108072B6AD
:10811000FEE700BF0F20CDE901054FF48060CDE9F7
:10812000040401A802210394F9F73CFE20B1EFF307
:10813000108072B6FEE700BFFAF7F0FAFAF7CCFA51
:10814000FAF73CFBF8F7CAF8FFF752FF49F254126E
:10815000C0F6000207CAFFF759F9FCF793FB00BF0E
:10816000FFF766FFFFF792FBFAE7000040F260209E
:10817000C2F2000090F86810406D022918BF00207C
:108180007047000080B582B00A4601460020019089
:1081900040F26020C2F200000C3001ABFFF718FE85
:1081A0000199002808BF084602B080BD2DE9F04FB4
:1081B00085B091F802A00746AAF1500016468E46F7
:1081C0004FEA1A1210F1400F0AF00F0106D3481FB0
:1081D00010F1040F02D39EF8010088B14AF28130F9
:1081E000C0F6000000F0DEFB312535212846012FC6
:1081F00008BF3421FFF724F9284605B0BDE8F08F09
:108200008B18D81CB0420DD1481E0EF1030B032869
:1082100001F003000397CDE901300BD200200025C7
:1082200039E000BF49F2EF30C0F6000000F0BAFBC1
:108230001325DAE701EB0E0001F00C09871C002082
:1082400018246FF0030C00256FF0010380EA030689
:108250000E4417F804891BF80660A4F1100345EAE0
:10826000080506FA03F32B436FF0020545400D4461
:108270001BF80550A4F10806B54080EA0C060E4430
:108280001BF806602B4306FA04F504301D438145B4
:1082900004F12004D8D1029EEEB1C7430F441BF86D
:1082A0000770C400A740012E45EA070513D00B1A3A
:1082B0005B4413F8027C082404EBC004A740022EA0
:1082C00045EA070507D013F8033C102707EBC00069
:1082D00003FA00F005437446BAF1100F02D2039F6F
:1082E000002616E00198039F584410F8016C012AFB
:1082F0000FD010F8021C022A46EA012609D010F815
:10830000031C032A46EA014603D010F8040C46EA8F
:1083100000661DA01FA3012F08BF03464AF20040BC
:10832000C0F600002946324600F03CFB28463146A4
:10833000FCF724FA50B140F22030C2F2000001787C
:1083400041B121A000F02EFB22254EE713A000F042
:1083500029FB49E70121077041702178C0E90156E6
:1083600041F040008DF810004FF47260ADF811003C
:10837000FF208DF8130004A80421FFF7F9F9002568
:10838000284605B0BDE8F08F646F776E6C6F61644E
:108390000000000075706C6F616400005B43484131
:1083A000524F4E5D20526571756573746564206D22
:1083B000656D6F7279206973206F7574206F662008
:1083C00072616E67652E00005B434841524F4E5DFF
:1083D0002041207472616E7366657220697320613A
:1083E0006C7265616479206F6E676F696E672E00CD
:1083F000EFF3108072B600BFFEE70000002A5ED0E7
:1084000010B548F61A7C12F00303C0F6000C0FD02A
:108410008E461EF8014B012B84EA10243CF81440D0
:1084200084EA002008D1531E7146042A20D244E079
:108430001346042A1CD240E091F801E080B28EEA93
:1084400010203CF810E0022B8EEA042004D1931E89
:108450000231042A0CD230E08C7880B284EA1020F9
:108460003CF81000D31E033180EA0E20042A24D3E6
:10847000043900BF11F8042F84B282EA14223CF8B8
:1084800012204C7882EA002080B284EA10203CF866
:1084900010008C7880EA022292B284EA12223CF820
:1084A0001220CC7882EA002080B284EA10203CF8C6
:1084B0001000043B80EA0220DCD1BDE8104080B20D
:1084C00070470000B0B5D8B10446807D00B3207A73
:1084D00068B10025D4E9000101FB050000F0DAF9DC
:1084E000002818BFB0BD207A01358542F2D30020A4
:1084F0004FF480312074C4F81210E075B0BD00BF95
:1085000049F2D710C0F6000040F21D11FFF770FFCE
:1085100049F2D710C0F600004FF48F71FFF768FFE3
:108520002DE9F04F91B0002800F0C6801646002AD1
:1085300000F0CA801D46002B00F0CE8004460020CB
:10854000C4E90010C4E90200C4E904000846267228
:10855000658100F0C9F905F11F014FF6F0720A407C
:108560006060B0FBF2F021F00F01A181010400294D
:10857000E08100F09B8000F08B804FF0000B012029
:1085800005AD4CF2DE070DF1240A00210391CDE97F
:10859000016104E0019E0BF1010BB34570D000288E
:1085A00068D04FF0000808E005AD4CF2DE0700BFD0
:1085B000E08908F101088045ECD2D4E900011022DD
:1085C00001FB0B00A18908FB0100294600F07CF9A2
:1085D0000028EDD1BDF81400B842E9D1BDF81890DB
:1085E00060898145E4D1BDF81A00B9F1000F4FF65A
:1085F000FF76049020D0D4E90001A28901FB0B0092
:1086000008FB020000F110051FFA89F7202F28BF90
:108610002027284651463A4600F056F90028C3D193
:10862000B0B251463A46FFF7E9FEA9EB0709064604
:108630005FEA09403D44E7D1049805AD8642B4D1D4
:10864000BDF8160002994CF2DE07411A09B2012961
:108650004FF00001B8BF0121039A0A4202D0012065
:108660000390A5E7012184F810B0A4F81280CDE9A9
:1086700002019DE700200BF1010BB3457FF48FAFA2
:108680000398C00704D002980121421C002004E096
:108690000021FF20012221746182E1750121A28263
:1086A000A17540B211B0BDE8F08F00BFFF2040B20D
:1086B00011B0BDE8F08F00BF49F2D710C0F600003E
:1086C0008B21FFF795FE00BF49F2D710C0F60000DE
:1086D0008C21FFF78DFE00BF49F2D710C0F60000D5
:1086E0008D21FFF785FE000070B584B0C0B305464C
:1086F000807DE8B30C46002942D0287CD5E90012E1
:108700006B8A02FB0010A989102201FB030669464F
:10871000304600F0D9F8F8B9BDF800004CF2DE019F
:10872000884219D1BDF804206889824214D106F12B
:108730001000214600F0C8F870B96A894FF6FF7042
:108740002146FFF75BFEBDF80610884204D10020E9
:1087500040B204B070BD00BFFF2040B204B070BD95
:1087600049F2D710C0F60000C821FFF741FE00BF54
:1087700049F2D710C0F60000C921FFF739FE00BF4B
:1087800049F2D710C0F60000CA21FFF731FE000001
:108790002DE9F04184B0002864D00446807D002893
:1087A00068D00D4600296DD0E07D94F81080678A6E
:1087B000B0B10137E089B9B281421CD3207A08F107
:1087C0000101B1FBF0F202FB1018D4E9000101FB3A
:1087D000080000F05FF868B104B0BDE8F08100BFA8
:1087E000D4E9000101FB080000F054F80028F3D19F
:1087F00001E000BF00274CF2DE00ADF80000A08AC7
:108800006289ADF802004FF6FF702946ADF80420EA
:10881000FFF7F4FDADF80600D4E900015FFA88F235
:1088200001FB0200A189BAB201FB0206628906F1CE
:108830001000294600F05CF80028CDD1694630468A
:10884000102200F055F80028C6D1A08A84F81080C4
:108850000130A0820120E0750020678204B0BDE8ED
:10886000F08100BF49F2D710C0F60000DB21FFF70E
:10887000BFFD00BF49F2D710C0F60000DC21FFF7B2
:10888000B7FD00BF49F2D710C0F60000DD21FFF7A9
:10889000AFFD000010B586B00446F9F7B5F8012029
:1088A00000210390CDE90440CDE9011102A801A9FE
:1088B000F8F79CFF0446F9F711F8002C18BF4FF0A9
:1088C000FF34204606B010BD51B180B503460846BE
:1088D0001946F7F749FC0020BDE8804040B27047D8
:1088E000FC2040B2704700004FF400607047000069
:1088F00080B500F005F8002818BF4FF0FF3080BDAC
:10890000B1B12DE9F04182B015460E468046F9F727
:108910007BF80024271DAF420ED8325908EB040122
:1089200002200023F8F7E4FF00283C46F2D015E0CF
:10893000FC2040B2704700BFA54217D94FF0FF306E
:10894000019031192A1B01A8F7F70EFC019A08EBD8
:10895000040102200023F8F7CBFF38B1F8F7BEFF7F
:10896000FF2002B0BDE8F04140B27047F8F7B6FF13
:10897000002002B0BDE8F04140B27047B0B540F20F
:1089800060250C46C2F20005014605F10C002246A6
:10899000FFF738FA18B1A96804460131A9602046EA
:1089A000B0BD00000FB4054B10B503A9044A0298EE
:1089B00000F032F810BC5DF814FB0000B17800083C
:1089C000040000200FB47CB50C0009AD01D0611E7D
:1089D00000E00021CDE90001064B6A4629460898CF
:1089E00000F01AF8002C02D0009A002111707CBC13
:1089F0005DF814FB7B8E000802E008C8121F08C156
:108A0000002AFAD170477047002001E001C1121F0F
:108A1000002AFBD1704700002DE9FF4F8DB00F46B3
:108A20000546002606E025280BD0DDE90F12904709
:108A30006D1C761C28780028F5D111B03046BDE8B1
:108A4000F08F0024A246A1460122EC4900E0044335
:108A500015F8013F203B02FA03F00842F7D12878CD
:108A60002A2810D06FF02F022878A0F130010929B0
:108A700014D80AEB8A0102EB410144F0020400EB36
:108A8000010A6D1CF0E701CF5FEA000A03D544F448
:108A90000054CAF1000A44F002046D1C28782E2804
:108AA00017D115F8010F44F004042A280ED06FF0F6
:108AB0002F022878A0F1300109290AD809EB890191
:108AC00002EB410100EB01096D1CF2E757F8049B32
:108AD0006D1C28786C280FD006DC4C2817D068282D
:108AE0000DD06A2814D104E0742810D07A280FD150
:108AF0000DE044F400140AE044F4801401E044F46E
:108B000040146978814202D104F580146D1C6D1CFB
:108B10002A786E2A1FD00CDC632A31D004DC002AAC
:108B20008BD0582A11D1A3E0642A68D0692A0CD1CD
:108B300065E0732A2ED004DC6F2A73D0702A04D12A
:108B40009BE0752A6FD0782A6ED01046DDE90F12AF
:108B50009047761C50E1C4F30250022806D0032847
:108B600009D0042801CF09D0066045E101CFF117F3
:108B7000C0E9006140E101CF06803DE106703BE1C4
:108B800017F8040B8DF8000000208DF80100EB466B
:108B9000012003E057F804BB4FF0FF3061074FF0AE
:108BA000000102D40DE008F10101884649450FDAC1
:108BB0008045F8DB1BF808100029F4D108E008F123
:108BC000010188468142FADB1BF808100029F6D122
:108BD000DDE90F23AAEB08008146214600F036F9B3
:108BE000304400EB080604E0DDE90F121BF8010B2E
:108BF0009047B8F10108F7D221464846F7E00A212C
:108C0000C4F302534FF0000B0891022B04D001CFA4
:108C1000C117032B09D00AE0FF1D27F00707F7E86B
:108C2000020108E032E01FE020E000B2C117042B8F
:108C300001D140B2C117031E71F1000307DA4FF0F2
:108C4000000CD0EB0C006CEB01012D2302E023059E
:108C500004D52B238DF82430012303E0E30701D052
:108C60002023F7E7984658E00A2110E010210EE093
:108C700010204FF0000B08900CE010214FF0000B7B
:108C800044F004044FF00809089103E008214FF074
:108C9000000B0891C4F30253022B04D001CF002132
:108CA000032B06D006E0FF1D27F00707F7E80201B7
:108CB00003E080B2042B00D1C0B24FF000082307BC
:108CC0002BD5702A07D0DDF820C08CF0100C5CEAA0
:108CD0000B0C05D00EE040238DF82430012308E072
:108CE00050EA010306D030238DF824308DF825207A
:108CF00002239846DDF820C08CF0080C5CEA0B0CCF
:108D00000BD150EA010301D1630706D530238DF85A
:108D100024304FF00108A9F10109582A04D038A2E3
:108D20000B9208AA0A920BE03AA2F9E75B46089A6E
:108D3000F7F73EFA0B9B9B5C0A9A521E0A9213703D
:108D400050EA0102F2D10A98ADEB000000F1200BCD
:108D5000600702D524F4803401E04FF00109D945C1
:108D600002DDA9EB0B0000E0002000EB0B01414409
:108D70000890AAEB010AE00306D4DDE90F2321469F
:108D8000504600F063F806444FF0000908E009A9D6
:108D900011F80900DDE90F12904709F10109761C6D
:108DA000C145F4DBE0030CD5DDE90F232146504635
:108DB00000F04CF8064404E0DDE90F123020904743
:108DC000761C0899481E08900029F5DC08E00A98EE
:108DD0000A990078491C0A91DDE90F129047761C28
:108DE000BBF10001ABF1010BF1DC21465046DDE99E
:108DF0000F2300F019F806446D1C1BE6092801003A
:108E00003031323334353637383961626364656600
:108E100000000000303132333435363738394142C2
:108E200043444546000000002DE9F041044600257A
:108E30001E461746880404D405E039462020B04772
:108E40006D1C641EF9D52846BDE8F0812DE9F0417E
:108E5000044600251E469046C80301D5302700E091
:108E60002027880404D505E041463846B0476D1CEC
:108E7000641EF9D52846BDE8F0814A68002A06D06C
:108E80000A68531C0B6010704868401E48607047A9
:108E900070B50D46044602E02946FEF709FD14F8B8
:108EA000010B0028F8D170BD2DE9F041044602FB0A
:108EB00001F01F461646251838B104E020783946DF
:108EC000FEF7F6FC641CAC42F8D33046BDE8F081F6
:108ED00010B5044601E0FEF7EBFC14F8010B044961
:108EE0000028F8D1BDE810400A20FEF7E1BC0000E0
:108EF000040000200053070080A90300A0860100A1
:108F00000000000000000000010203040607080939
:108F100000000000010203040102000021104220B1
:108F200063308440A550C660E770088129914AA14A
:108F30006BB18CC1ADD1CEE1EFF1311210027332C1
:108F40005222B5529442F772D662399318837BB39A
:108F50005AA3BDD39CC3FFF3DEE362244334200451
:108F60000114E664C774A44485546AA54BB52885EA
:108F70000995EEE5CFF5ACC58DD5533672261116A1
:108F80003006D776F6669556B4465BB77AA719973A
:108F90003887DFF7FEE79DD7BCC7C448E558866829
:108FA000A7784008611802282338CCC9EDD98EE98A
:108FB000AFF9488969990AA92BB9F55AD44AB77A01
:108FC000966A711A500A333A122AFDDBDCCBBFFBDA
:108FD0009EEB799B588B3BBB1AABA66C877CE44C11
:108FE000C55C222C033C600C411CAEED8FFDECCD2A
:108FF000CDDD2AAD0BBD688D499D977EB66ED55EE1
:10900000F44E133E322E511E700E9FFFBEEFDDDF79
:10901000FCCF1BBF3AAF599F788F8891A981CAB105
:10902000EBA10CD12DC14EF16FE18010A100C23037
:10903000E3200450254046706760B9839893FBA3F2
:10904000DAB33DC31CD37FE35EF3B1029012F32287
:10905000D2323542145277625672EAB5CBA5A89542
:1090600089856EF54FE52CD50DC5E234C324A014D7
:1090700081046674476424540544DBA7FAB79987D2
:10908000B8975FE77EF71DC73CD7D326F236910627
:10909000B01657667676154634564CD96DC90EF91A
:1090A0002FE9C899E9898AB9ABA944586548067877
:1090B0002768C018E1088238A3287DCB5CDB3FEB32
:1090C0001EFBF98BD89BBBAB9ABB754A545A376AC7
:1090D000167AF10AD01AB32A923A2EFD0FED6CDD02
:1090E0004DCDAABD8BADE89DC98D267C076C645C17
:1090F000454CA23C832CE01CC10C1FEF3EFF5DCF12
:109100007CDF9BAFBABFD98FF89F176E367E554E66
:10911000745E932EB23ED10EF01E020304050607C4
:1091200008090A0B0C0D0E0F101000003200000091
:109130008813000032000000881300003200000095
:1091400088130000320000008813000000000000B7
:10915000000000006D810008858100087D890008FD
:1091600041637469766520536C6F742020203A2027
:10917000257520286F66202575207065722073651F
:1091800063746F72290D0A00416374697665205318
:109190006563746F72203A20257520286F6620253C
:1091A00075290D0A0042617365204164647265731C
:1091B0007320203A203078253038580D0A0041635A
:1091C0007469766520416464726573733A203078FF
:1091D000253038580D0A002E2E2F53796E74726F79
:1091E0007069634F532F73796E5F706172616D2E7A
:1091F0006300496E76616C69642054585F444C206A
:109200006F662025752062797465733B206D7573D8
:109210007420626520612043414E206672616D6555
:10922000206C656E677468206265747765656E2072
:109230003820616E64202575210A004D65737361C5
:1092400067652073697A6520746F6F206C6172673F
:10925000652E20496E6372656173652049534F5FC7
:1092600054505F4D41585F4D4553534147455F53FF
:10927000495A4520746F207365742061206C6172B7
:10928000676572206275666665720A004C696E6B6E
:10929000206973206E756C6C2100466972737420AE
:1092A0006672616D652073686F756C6420626520FD
:1092B000612066756C6C2043414E206672616D655D
:1092C000206F66206174206C6561737420382062A1
:1092D0007974657320696E206C656E6774682E0002
:1092E00053696E676C652D6672616D65206C656E85
:1092F00067746820746F6F20736D616C6C2E0053FF
:10930000696E676C652D6672616D65206D6573733E
:1093100061676520746F6F206C6172676520666F8E
:109320007220726563656976696E6720627566662C
:1093300065722E004D756C74692D6672616D6520C5
:10934000726573706F6E736520746F6F206C6172DD
:10935000676520666F7220726563656976696E67FE
:10936000206275666665722E007772697474656E28
:109370004368617273203C3D2049534F54505F4D08
:1093800041585F4552524F525F4D53475F53495AC0
:1093900045002E2E2F54502F69736F74702E63006A
:1093A0005B434841524F4E5D2053657474696E674C
:1093B00054797065277320617265206E6F77207510
:1093C0007064617465642E005B434841524F4E5D8A
:1093D0002053657474696E67547970652075706484
:1093E0006174696E6720737461727465642E005BCA
:1093F000434841524F4E5D20556E657870656374E9
:109400006564206D657373616765206C656E677454
:10941000682E005B434841524F4E5D2056616C758B
:1094200065206F6620696E7075744F757470757401
:10943000436F6E74726F6C506172616D65746572AA
:109440002028307825782920697320696E76616C30
:1094500069642E005472616E736665724461746152
:109460000052657175657374446F776E6C6F6164DB
:10947000005265717565737455706C6F616400544A
:1094800072616E7366657244617461537573706561
:109490006E646564005365637572697479416363D2
:1094A00065737344656E69656400526571756972B0
:1094B000656454696D6544656C61794E6F74457877
:1094C00070697265640055706C6F6164446F776E8B
:1094D0006C6F61644E6F74416363657074656400A2
:1094E000536572766963654E6F74537570706F72F1
:1094F0007465640053756266756E6374696F6E4E51
:109500006F74537570706F72746564005265717515
:109510006573744F75744F6652616E676500476579
:109520006E6572616C50726F6772616D6D696E67A6
:109530004661696C75726500506F73697469766510
:10954000526573706F6E73650052657175657374E3
:10955000436F72726563746C795265636569766591
:10956000645F526573706F6E736550656E64696E8B
:109570006700456E67696E65497352756E6E696EF8
:109580006700456E67696E6549734E6F7452756EFC
:109590006E696E6700526573706F6E7365546F6F9E
:1095A0004C6F6E670056656869636C6553706565DE
:1095B00064546F6F486967680054656D70657261C7
:1095C00074757265546F6F48696768005468726F8C
:1095D00074746C65506564616C546F6F486967683A
:1095E0000052706D546F6F48696768005472616E05
:1095F000736D697373696F6E4E6F74496E4E6575E6
:109600007472616C00526F7574696E65436F6E742D
:10961000726F6C00446961676E6F73746963536540
:109620007373696F6E436F6E74726F6C00436F6D0E
:109630006D756E69636174696F6E436F6E74726F7E
:109640006C00536572766963654E6F745375707004
:109650006F72746564496E416374697665536573AE
:1096600073696F6E0053756266756E6374696F6EB1
:109670004E6F74537570706F72746564496E416398
:109680007469766553657373696F6E00436C6561C9
:1096900072446961676E6F73746963496E666F7255
:1096A0006D6174696F6E0052656164447463496EE4
:1096B000666F726D6174696F6E004661696C757278
:1096C0006550726576656E74734578656375746907
:1096D0006F6E4F665265717565737465644163742E
:1096E000696F6E005265717565737446696C655477
:1096F00072616E736665720044796E616D69636153
:109700006C6C79446566696E654461746149646531
:109710006E74696669657200526561644461746162
:109720004279506572696F6469634964656E7469F2
:109730006669657200526561644461746142794989
:1097400064656E7469666965720057726974654410
:1097500061746142794964656E7469666965720015
:10976000526561645363616C696E67446174614200
:10977000794964656E74696669657200496E7075D1
:10978000744F7574707574436F6E74726F6C427938
:109790004964656E7469666965720057726F6E67B9
:1097A000426C6F636B53657175656E6365436F756E
:1097B0006E74657200526571756573745365717569
:1097C000656E63654572726F720053656375726989
:1097D000747941636365737300526561644D656DAF
:1097E0006F7279427941646472657373005772696C
:1097F00074654D656D6F7279427941646472657309
:10980000730045786365656465644E756D62657265
:109810004F66417474656D70747300496E636F7246
:10982000726563744D6573736167654C656E6774CB
:10983000684F72496E76616C6964466F726D6174CF
:109840000047656E6572616C52656A6563740043BA
:109850006F6E646974696F6E734E6F74436F72726A
:109860006563740045637552657365740052657174
:10987000756573745472616E736665724578697448
:10988000004E6F526573706F6E736546726F6D53E5
:1098900075626E6574436F6D706F6E656E740054A3
:1098A000657374657250726573656E74004275738A
:1098B000795265706561745265717565737400568F
:1098C000656869636C655370656564546F6F4C6F50
:1098D0007700456E67696E6552756E54696D6554A3
:1098E0006F6F4C6F770054656D706572617475723F
:1098F00065546F6F4C6F77005468726F74746C6549
:10990000506564616C546F6F4C6F770052706D548A
:109910006F6F4C6F7700496E76616C69644B657947
:10992000005B434841524F4E5D204D657373616744
:109930006520534944202573202830782578292034
:10994000646F6573206E6F74206D61746368207737
:109950006974682070656E64696E6720534944209D
:109960002573202830782578290D0A005B4348416B
:10997000524F4E5D2053657276696365206E6F7439
:1099800020737570706F72746564202F206E6F7411
:1099900020696D706C656D656E7465642C207365EF
:1099A0006E64696E67206572726F72206D65737385
:1099B0006167652E005B434841524F4E5D205772F0
:1099C0006F6E672073657373696F6E20666F7220A8
:1099D0007265717565737465642073657276696309
:1099E000652C2073656E64696E67206572726F7294
:1099F000206D6573736167652E005B434841524F6C
:109A00004E5D2053657276696365206973206578C1
:109A10006563757465642C20726573706F6E736511
:109A20002070656E64696E672E005B434841524F3B
:109A30004E5D204E564D20435243313620636865BB
:109A4000636B206661696C6564212045787065638D
:109A5000746564203078253034582C2063616C6341
:109A6000756C61746564203078253034580D0A00B7
:109A70005B434841524F4E5D204454432061726520
:109A8000206E6F7720636C65617265642E0D005BDC
:109A9000434841524F4E5D204E6F2076616C6964A1
:109AA0002073756266756E6374696F6E207265717E
:109AB0007565737465642E0D005B434841524F4ECB
:109AC0005D2053756220307830443A207265706FA3
:109AD00072744D6F7374526563656E7454657374FC
:109AE0004661696C65644454432073746172742EDA
:109AF0000D005B434841524F4E5D2053756220304C
:109B00007830423A207265706F727446697273746D
:109B1000546573744661696C65644454432073747E
:109B20006172742E0D005B434841524F4E5D2053CD
:109B3000756220307830453A207265706F72744DCE
:109B40006F7374526563656E74436F6E6669726D90
:109B500065644454432073746172742E0D005B433A
:109B60004841524F4E5D2053756220307830433A61
:109B7000207265706F72744669727374436F6E669B
:109B800069726D65644454432073746172742E0D60
:109B9000005B434841524F4E5D2053756220307840
:109BA00030413A207265706F7274537570706F72C5
:109BB0007465644454432073746172742E0D005BA9
:109BC000434841524F4E5D20537562203078303902
:109BD0003A207265706F7274536576657269747934
:109BE000496E666F726D6174696F6E4F664454435F
:109BF0002073746172742E0D005B434841524F4EC6
:109C00005D2053756220307830373A207265706F6E
:109C100072744E756D6265724F6644544342795357
:109C2000657665726974794D61736B5265636F72A5
:109C3000642073746172742E0D005B434841524F6F
:109C40004E5D2053756220307830383A207265704E
:109C50006F727444544342795365766572697479BE
:109C60004D61736B5265636F7264207374617274BB
:109C70002E0D005B434841524F4E5D2053756220CC
:109C8000307831323A207265706F72744E756D6241
:109C900065724F66456D697373696F6E734F4244A9
:109CA00044544342795374617475734D61736B20EE
:109CB00073746172742E0D005B434841524F4E5DC8
:109CC0002053756220307831333A207265706F729C
:109CD00074456D697373696F6E734F4244445443A6
:109CE00042795374617475734D61736B2073746141
:109CF00072742E0D005B434841524F4E5D205375E8
:109D00006220307830313A207265706F72744E750F
:109D10006D6265724F664454434279537461747541
:109D2000734D61736B2073746172742E0D005B430D
:109D30004841524F4E5D2053756220307830323AA0
:109D4000207265706F727444544342795374617425
:109D500075734D61736B2073746172742E0D005BAB
:109D6000434841524F4E5D20537562203078313761
:109D70003A207265706F7274557365724465664DF2
:109D8000656D6F727944544342795374617475738D
:109D90004D61736B2073746172742E0D005B4348C8
:109DA00041524F4E5D2053756220307831313A2058
:109DB0007265706F72744E756D6265724F664D6933
:109DC00072726F724D656D6F72794454434279536C
:109DD00074617475734D61736B2073746172742E4A
:109DE0000D005B434841524F4E5D20537562203059
:109DF0007830463A207265706F72744D6972726F76
:109E0000724D656D6F727944544342795374617435
:109E100075734D61736B2073746172742E0D005BEA
:109E2000434841524F4E5D205375622030783033A5
:109E30003A207265706F7274445443536E6170734C
:109E4000686F744964656E74696669636174696F8B
:109E50006E2073746172742E0D005B434841524F43
:109E60004E5D2053756220307830363A207265702E
:109E70006F727444544345787444617461526563ED
:109E80006F726442794454434E756D6265722073FB
:109E9000746172742E0D005B434841524F4E5D2039
:109EA00053756220307831393A207265706F727460
:109EB000557365724465664D656D6F7279445443A0
:109EC000457874446174615265636F726442794489
:109ED00054434E756D6265722073746172742E0DF9
:109EE000005B434841524F4E5D20537562203078ED
:109EF00031303A207265706F72744D6972726F7290
:109F00004D656D6F72794454434578744461746152
:109F10005265636F726442794454434E756D626555
:109F2000722073746172742E0D005B434841524F6E
:109F30004E5D2053756220307830343A207265705F
:109F40006F7274445443536E617073686F745265DA
:109F5000636F726442794454434E756D626572203A
:109F600073746172742E0D005B434841524F4E5D15
:109F70002053756220307831383A207265706F72E4
:109F800074557365724465664D656D6F727944549E
:109F900043536E617073686F745265636F7264428D
:109FA000794454434E756D626572207374617274A6
:109FB0002E0D005B434841524F4E5D205375622089
:109FC000307830353A207265706F72744454435360
:109FD000746F7265644461746142795265636F7233
:109FE000644E756D6265722073746172742E0D001B
:109FF0005B434841524F4E5D2053756220307831AB
:10A00000363A207265706F727444544345787444D4
:10A010006174615265636F726442795265636F72F5
:10A02000644E756D6265722073746172742E0D00DA
:10A030005B434841524F4E5D20537562203078316A
:10A04000343A207265706F72744454434661756C83
:10A0500074446574656374696F6E436F756E74657F
:10A06000722073746172742E0D005B434841524F2D
:10A070004E5D2053756220307831353A207265701C
:10A080006F7274445443576974685065726D616EA1
:10A09000656E745374617475732073746172742E79
:10A0A0000D005B434841524F4E5D2052657175650E
:10A0B0007374206E6F7420696E2076616C69642001
:10A0C00072616E67652C20726573657276656420B7
:10A0D00062792049534F2031343232392D312E00EC
:10A0E0005B434841524F4E5D20537461727420644B
:10A0F000656C6574696E672053494E474C45204432
:10A1000054432E005B434841524F4E5D20537461CF
:10A1100072742064656C6574696E6720414C4C20D4
:10A120004454432E005B434841524F4E5D205375CB
:10A130006266756E6374696F6E206E6F74205375FE
:10A1400070706F727465642E005B434841524F4ECD
:10A150005D2052657175657374206E6F7420766131
:10A160006C69642C20445443206E6F7420737570A6
:10A17000706F727465642E005B434841524F4E5DB0
:10A180002052657175657374206E6F742076616CF2
:10A1900069642C20457874656E64656444617461FB
:10A1A0005265636F7264206E6F7420737570706F88
:10A1B000727465642E005B434841524F4E5D2052DD
:10A1C0006573706F6E736520697320746F6F206C98
:10A1D0006F6E6721204D6178696D756D2073697AA6
:10A1E000652069732025692E005B434841524F4E1C
:10A1F0005D2053746172742064656C6574696E6768
:10A2000020564F42442067726F75702E005B4348A2
:10A2100041524F4E5D2053746172742064656C65C9
:10A2200074696E6720454D495353494F4E5F5359EA
:10A230005354454D2067726F75702E005B43484143
:10A24000524F4E5D2053746172742064656C657466
:10A25000696E67205341464554595F5359535445DD
:10A260004D2067726F75702E005B434841524F4E10
:10A270005D2053746172742064656C6574696E67E7
:10A2800020504F574552545241494E2067726F75C6
:10A29000702E005B434841524F4E5D2053746172F3
:10A2A000742064656C6574696E672043484153533C
:10A2B00049532067726F75702E005B434841524FBF
:10A2C0004E5D20436C65617220446961676E6F73F7
:10A2D00074696320496E666F726D6174696F6E2078
:10A2E00053657276696365205349443A3078313456
:10A2F00020547269676765726564005B4348415228
:10A300004F4E5D205472616E7366657220457869A8
:10A31000742072656365697665642C2062757420AB
:10A320006E6F7420616C6C2064617461207761735E
:10A33000207472616E736665727265642E005B4391
:10A340004841524F4E5D2053657175656E636520BF
:10A350006E756D626572206E6F74206578706563CE
:10A36000746564212052656365697665643A2025C9
:10A37000692C2045787065637465643A2025692EE0
:10A38000005B434841524F4E5D20466F726D6174D1
:10A39000204964656E74696669657220696E7661CC
:10A3A0006C69643A2073697A65206F662061646421
:10A3B00072657373203D2025692C2073697A6520AE
:10A3C0006F66206C656E677468203D2025692E00DD
:10A3D0005B434841524F4E5D204672616D65206976
:10A3E0007320746F6F206C6F6E6721204D617869E8
:10A3F0006D756D2073697A652069732025692E005B
:10A400005B434841524F4E5D205472616E736665E6
:10A4100072205265717565737465642C2061646483
:10A420007265737320307825782C206C656E6774A4
:10A430006820307825782C20646972656374696FB0
:10A440006E2025732E005B434841524F4E5D2054D1
:10A4500072616E7366657220446174612077617306
:10A46000206E6F742065787065637465642E204675
:10A470006F72676F7420746F207265717565737485
:10A480002075706C6F61642F646F776E6C6F6164A0
:10A490003F000000B8A40008000000206002000097
:10A4A00082020008A8A5000860020020F0A50000B4
:10A4B000088A0008000000008132015A1008323278
:10A4C00033881313127A236942321E520A3A10203B
:10A4D000490C61AB42692052206920292CAB69F2FA
:10A4E00020BA15203940B920FA1620AB01F320CA52
:10A4F0001420196129B4292013754242085A1110F9
:10A500004B6D4310293229104BB554105A19104B7A
:10A51000C157105A22104B5531105A23104BC53ACF
:10A52000105A24104B8D3B10322732184B794410AF
:10A530003228321C4B0D41105A2A204BA133106A8D
:10A540002C704A2D105A2E104B0D3E105A2F304BA6
:10A550007145105A31204B4D4D105A34604BE56215
:10A56000105A35104BC163105A36105ACD105A3755
:10A57000105A01105A38105AF1405A3D104B953F6D
:10A58000105A3E705AB1D05A83204BC540103284C5
:10A5900032105A2D205A85B05A49F05A86404BE95C
:08A5A00043105A87205AA9104C
:0400000508000131BD
:00000001FF
